[
  {
    "id_BNE": "Mimo0002257937",
    "autor_personas": "Allende, Aniceto Luis  // ",
    "título": "Manual práctico de geometría plana y del espacio y nociones de dibujo lineal ",
    "informacion_asociada_titulo": "por A. Luis Allende ",
    "editorial": "Imp. y Lib. Nacional y Extranjera de Hijos de Rodríguez  ",
    "lugar_publicacion": "Valladolid",
    "fecha_publicacion": "1870",
    "descripcion_fisica": "2 v. (VII, 122; [20] h. pleg. de lám.) , 21, 25 cm , ",
    "serie": "Matemáticas // ",
    "contenido": "[1]. Texto -- [2]. Atlas// ",
    "tema": "Geometría plana --  // Geometría del espacio --  // ",
    "cdu": "514.112/.113  // ",
    "pais_publicacion": "sp",
    "lengua_publicacion": "spa",
    "tipo_documento": " Libro",
    "signatura": "1/38644 // 1/38645 // ",
    "version_digital": "http://bdh-rd.bne.es/viewer.vm?id=0000075678&page=1 ** ",
    "texto_OCR": "http://bdh-rd.bne.es/text.vm?id=0000075678&first=1&last=134 ** "
  },
  {
    "id_BNE": "bima0000019845",
    "autor_personas": "Bails, Benito  // Ibarra, Joaquín , 1725-1785 -imp.  // ",
    "título": "Principios de matematica : donde se enseña la especulativa, con su aplicacion a la dinámica, hydrodinámica, óptica, astronomía, geografia, gnomónica, arquitectura, perspectiva, y al calendario ",
    "informacion_asociada_titulo": "por D. Benito Bails ",
    "editorial": "por D. Joachin Ibarra...  ",
    "lugar_publicacion": "Madrid",
    "fecha_publicacion": "1776",
    "descripcion_fisica": "3 t. ([2], 38, 552 p., [28] h. de grab. pleg.; [2], 12, 556, [24] h. de grab. pleg.; [2], 6, 316, [205] p., [31] h. de grab. pleg.) , il , 4º , ",
    "serie": "Matemáticas // ",
    "descripcion_notas": "Marca de impresor en portada  // Sign: a-b⁸, c⁴, A-Z⁸, Aa-Ll⁸, Mm⁴; []²⁻¹, a³⁻⁸, A-Z⁸, Aa-Ll⁸, Mm⁶; a⁴, A-T⁸, V⁶, a-m⁸, n⁸⁻¹  // Las ilustraciones son grabados calcográficos representando figuras matematicas  // ",
    "tema": "Matemáticas -- Obras anteriores a 1800 --  // Astronomía --  // Óptica --  // ",
    "lugar_relacionado": "Madrid, España // ",
    "cdu": "51  // ",
    "numero_bibliografia_nacional": "TratadosArq18 ",
    "pais_publicacion": "sp",
    "lengua_publicacion": "spa",
    "tipo_documento": " Libro",
    "signatura": "3/50662 // 3/50663 // 3/50664 // 5/4638_V._2 // ",
    "version_digital": "http://bdh-rd.bne.es/viewer.vm?id=0000046059&page=1 ** http://bdh-rd.bne.es/viewer.vm?id=0000046059&page=645 ** http://bdh-rd.bne.es/viewer.vm?id=0000046059&page=1287 ** ",
    "texto_OCR": "http://bdh-rd.bne.es/text.vm?id=0000046059&first=1&last=644 ** http://bdh-rd.bne.es/text.vm?id=0000046059&first=645&last=1286 ** http://bdh-rd.bne.es/text.vm?id=0000046059&first=1287&last=1898 ** "
  },
  {
    "id_BNE": "Mimo0002249795",
    "autor_personas": "Donnet y Pareja, Baldomero , 1841-1926  // ",
    "título": "Nociones de la teoría, cálculo y construcción de las cantidades complejas o imaginarias ",
    "informacion_asociada_titulo": "por Baldomero Donnet y Pareja ",
    "editorial": "[s.n.]  Imprenta de Gregorio Juste  ",
    "lugar_publicacion": "Madrid",
    "fecha_publicacion": "1884",
    "descripcion_fisica": "62 p. , il. , 22 cm , ",
    "serie": "Matemáticas // ",
    "tema": "Cálculo --  // ",
    "cdu": "51  // ",
    "pais_publicacion": "sp",
    "lengua_publicacion": "spa",
    "tipo_documento": " Libro",
    "signatura": "VC/837/17 // ",
    "version_digital": "http://bdh-rd.bne.es/viewer.vm?id=0000125174&page=1 ** ",
    "texto_OCR": "http://bdh-rd.bne.es/text.vm?id=0000125174&first=1&last=76 ** "
  },
  {
    "id_BNE": "Mimo0002251838",
    "autor_personas": "Roges y Moragas, Juan  // ",
    "título": "Elementos de matemáticas puras ",
    "informacion_asociada_titulo": "por Juan Roges y Moragas ",
    "editorial": "[s.n.]  Imp. de Francisco Garriga  ",
    "lugar_publicacion": "[S.l.] , Barcelona",
    "fecha_publicacion": "1840",
    "descripcion_fisica": "200; 142, [7] h. pleg. de lám.; 158 p., [3] h. pleg. de lám , 21 cm , ",
    "serie": "Matemáticas // ",
    "descripcion_notas": "3 t. en 1 v.  // ",
    "tema": "Matemáticas --  // ",
    "cdu": "51  // ",
    "pais_publicacion": "sp",
    "lengua_publicacion": "spa",
    "tipo_documento": " Libro",
    "signatura": "1/247521 // ",
    "version_digital": "http://bdh-rd.bne.es/viewer.vm?id=0000075956&page=1 ** ",
    "texto_OCR": "http://bdh-rd.bne.es/text.vm?id=0000075956&first=1&last=527 ** "
  },
  {
    "id_BNE": "Mimo0002250390",
    "autor_personas": "Feliu y Goday, Jaime , 1861-1891  // ",
    "título": "Aritmética teórica y práctica para uso de los niños ",
    "informacion_asociada_titulo": "por Jaime Feliu y Goday ",
    "editorial": "[s.n.]  Imp. de Roberto Torres  ",
    "lugar_publicacion": "[S.l.] , Barcelona",
    "fecha_publicacion": "1861",
    "descripcion_fisica": "119 p. , 15 cm , ",
    "serie": "Matemáticas // ",
    "tema": "Aritmética --  // ",
    "cdu": "51  // ",
    "pais_publicacion": "sp",
    "lengua_publicacion": "spa",
    "tipo_documento": " Libro",
    "signatura": "2/12343 // ",
    "version_digital": "http://bdh-rd.bne.es/viewer.vm?id=0000124096&page=1 ** ",
    "texto_OCR": "http://bdh-rd.bne.es/text.vm?id=0000124096&first=1&last=110 ** "
  },
  {
    "id_BNE": "Mimo0002253045",
    "autor_personas": "Mallo Lopez, Tomás  // ",
    "título": "Lecciones de matemáticas elementales ",
    "informacion_asociada_titulo": "por Tomás Mallo López ",
    "editorial": "[s.n.]  Imp. de Herederos de Miñón  ",
    "lugar_publicacion": "[S.l.] , León",
    "fecha_publicacion": "1889 - 1893",
    "descripcion_fisica": "2 v. , 21 cm , ",
    "serie": "Matemáticas // ",
    "contenido": "[1]. Primer curso. Aritmética y álgebra -- [2]. Segundo curso. Geometría y trigonometría// [1]. Primer curso. Aritmética y álgebra -- [2]. Segundo curso. Geometría y trigonometría// ",
    "tema": "Matemáticas --  // ",
    "cdu": "51  // ",
    "pais_publicacion": "sp",
    "lengua_publicacion": "spa",
    "tipo_documento": " Libro",
    "signatura": "2/34305-2/34306 // ",
    "version_digital": "http://bdh-rd.bne.es/viewer.vm?id=0000023297&page=1 ** http://bdh-rd.bne.es/viewer.vm?id=0000023297&page=517 ** ",
    "texto_OCR": "http://bdh-rd.bne.es/text.vm?id=0000023297&first=1&last=516 ** http://bdh-rd.bne.es/text.vm?id=0000023297&first=517&last=918 ** "
  },
  {
    "id_BNE": "Mimo0002250392",
    "autor_personas": "Fenollosa Martínez, Joaquín , m. 1938  // ",
    "título": "Nociones de geometria plana para alumnos de 1ª enseñanza de ambos sexos y adultos ",
    "informacion_asociada_titulo": "por Joaquín Z. Fenollosa Martínez ",
    "editorial": "Papeleria de R. Fayos  ",
    "lugar_publicacion": "Valencia",
    "fecha_publicacion": "1898",
    "descripcion_fisica": "30 p., 16 cm , ",
    "serie": "Matemáticas // ",
    "tema": "Geometría plana --  // ",
    "cdu": "51  // ",
    "pais_publicacion": "sp",
    "lengua_publicacion": "spa",
    "tipo_documento": " Libro",
    "signatura": "2/44521 // ",
    "version_digital": "http://bdh-rd.bne.es/viewer.vm?id=0000117085&page=1 ** ",
    "texto_OCR": "http://bdh-rd.bne.es/text.vm?id=0000117085&first=1&last=28 ** "
  },
  {
    "id_BNE": "Mimo0002249034",
    "autor_personas": "Chapa Brisa, Ramón  // Fenollosa Martínez, Joaquín , m. 1938  // ",
    "título": "Nociones de aritmética teórico-práctica para alumnos de 1ª enseñanza de ambos sexos y adultos ",
    "informacion_asociada_titulo": "por Ramón Chapa Brisa y Joaquín Fenellosa Martínez ",
    "editorial": "[s.n.]  Imp. de Nicasio Rius Monfort  ",
    "lugar_publicacion": "[S.l.] , Valencia",
    "fecha_publicacion": "1897",
    "descripcion_fisica": "109 p. , 15 cm , ",
    "serie": "Matemáticas // ",
    "tema": "Aritmética --  // ",
    "cdu": "51  // ",
    "pais_publicacion": "sp",
    "lengua_publicacion": "spa",
    "tipo_documento": " Libro",
    "signatura": "VC/167/25 // ",
    "version_digital": "http://bdh-rd.bne.es/viewer.vm?id=0000117916&page=1 ** ",
    "texto_OCR": "http://bdh-rd.bne.es/text.vm?id=0000117916&first=1&last=113 ** "
  },
  {
    "id_BNE": "bima0000125947",
    "autor_personas": "Poy y Comes, Manuel  // Ros y Renart, Salvador  // ",
    "autor_entidades": "Imprenta de Sierra y Martí -impresor  // ",
    "título": "Elementos de Aritmética numérica y literal al estilo de comercio para instrucción de la juventud ",
    "informacion_asociada_titulo": "por Don Manuel Poy y Comes ",
    "edicion": "5ª ed., aum. considerablemente ... / por Salvador Ros y Renart",
    "editorial": "en la Oficina de Sierra y Martí  ",
    "lugar_publicacion": "Barcelona",
    "fecha_publicacion": "1819",
    "descripcion_fisica": "2 t. en 1 v. ([8], 450, [12] p. ; [6], xx, 189, [5]) , 4º , ",
    "serie": "Matemáticas // ",
    "descripcion_notas": "Sign:[]⁴, A-Z⁴, Aa-Zz⁴, Aaa-Lll⁴, Mmm⁴⁻¹ ; []²⁻¹, *-***⁴, A-Z⁴, Aa⁴, []²⁻¹  // ",
    "cdu": "51  // ",
    "pais_publicacion": "sp",
    "lengua_publicacion": "spa",
    "tipo_documento": " Libro",
    "signatura": "1/42741 // ",
    "version_digital": "http://bdh-rd.bne.es/viewer.vm?id=0000075452&page=1 ** ",
    "texto_OCR": "http://bdh-rd.bne.es/text.vm?id=0000075452&first=1&last=684 ** "
  },
  {
    "id_BNE": "Mimo0002257922",
    "autor_personas": "Alas, José María de las , 1853-1915  // Bazán, Pedro  // ",
    "título": "Pizarras de álgebra escritas con arreglo a la obra que sirve de texto para el ingreso en la Academia General Militar y resolución de los ejercicios ",
    "informacion_asociada_titulo": "por J. de las Alas y P. Bazán ",
    "editorial": "J. Peláez  ",
    "lugar_publicacion": "Toledo",
    "fecha_publicacion": "1889",
    "descripcion_fisica": "64 p. , 31 cm , ",
    "serie": "Matemáticas // ",
    "tema": "Álgebra -- Problemas --  // ",
    "cdu": "51  // ",
    "pais_publicacion": "sp",
    "lengua_publicacion": "spa",
    "tipo_documento": " Libro",
    "signatura": "2/59798 // ",
    "version_digital": "http://bdh-rd.bne.es/viewer.vm?id=0000116979&page=1 ** ",
    "texto_OCR": "http://bdh-rd.bne.es/text.vm?id=0000116979&first=1&last=72 ** "
  },
  {
    "id_BNE": "bimo0001419288",
    "autor_personas": "Sanchiz y Castillo, Francisco  // ",
    "título": "Tratado de cálculo diferencial ",
    "informacion_asociada_titulo": "por Francisco Sanchiz y Castillo ",
    "editorial": "[s.n.]  Imp. de Eduardo Baeza  ",
    "lugar_publicacion": "[S.l.] , Segovia",
    "fecha_publicacion": "1851",
    "descripcion_fisica": "161 p., 2 h. pleg. de lám. , 21 cm , ",
    "serie": "Matemáticas // ",
    "tema": "Cálculo diferencial --  // ",
    "cdu": "51  // ",
    "pais_publicacion": "sp",
    "lengua_publicacion": "spa",
    "tipo_documento": " Libro",
    "signatura": "7/16960 // ",
    "version_digital": "http://bdh-rd.bne.es/viewer.vm?id=0000124496&page=1 ** ",
    "texto_OCR": "http://bdh-rd.bne.es/text.vm?id=0000124496&first=1&last=163 ** "
  },
  {
    "id_BNE": "Mimo0002248641",
    "autor_personas": "Correa y Palavicino, Vicente , 1847-1885  // ",
    "título": "Lecciones de geometría descriptiva planos acotados ",
    "informacion_asociada_titulo": "por Vicente Correa y Palavicino ",
    "editorial": "[s.n.]  Imp. de Segundo Rueda  ",
    "lugar_publicacion": "[S.l.] , Segovia",
    "fecha_publicacion": "1881",
    "descripcion_fisica": "83 p., 6 h. pleg. de lám. , 22 cm , ",
    "serie": "Matemáticas // ",
    "tema": "Geometría descriptiva --  // ",
    "cdu": "51  // ",
    "pais_publicacion": "sp",
    "lengua_publicacion": "spa",
    "tipo_documento": " Libro",
    "signatura": "1/4439 // ",
    "version_digital": "http://bdh-rd.bne.es/viewer.vm?id=0000075321&page=1 ** ",
    "texto_OCR": "http://bdh-rd.bne.es/text.vm?id=0000075321&first=1&last=108 ** "
  },
  {
    "id_BNE": "Mimo0002245592",
    "autor_personas": "Gallego Carranza, Lorenzo , 1848-1928  // ",
    "título": "Sistema de acotaciones complemento a la geometría descriptiva ",
    "informacion_asociada_titulo": "por Lorenzo Gallego Carranza ",
    "editorial": "[s.n.]  Imp. y Librería de la Viuda é Hijos de J. Pélaez  ",
    "lugar_publicacion": "[Sl.l] , Toledo",
    "fecha_publicacion": "1897",
    "descripcion_fisica": "73 p., 5 h. pleg. de lám., 37 p., 2 h. pleg. de lám. , 24 cm , ",
    "serie": "Matemáticas // ",
    "descripcion_notas": "La 1ª parte es de la 4ª edic. y la 2ª de la segunda  // 2 t en 1 v.  // ",
    "tema": "Geometría descriptiva --  // ",
    "cdu": "51  // ",
    "pais_publicacion": "sp",
    "lengua_publicacion": "spa",
    "tipo_documento": " Libro",
    "signatura": "4/17775 // ",
    "version_digital": "http://bdh-rd.bne.es/viewer.vm?id=0000124099&page=1 ** ",
    "texto_OCR": "http://bdh-rd.bne.es/text.vm?id=0000124099&first=1&last=138 ** "
  },
  {
    "id_BNE": "Mimo0002242361",
    "autor_personas": "Furió y Suárez, Agustín  // ",
    "título": "Elementos de aritmética ",
    "editorial": "[s.n.]  Imp. de Gossart y Seva  ",
    "lugar_publicacion": "[S.l.] , Alicante",
    "fecha_publicacion": "1878",
    "descripcion_fisica": "401 p. , 21 cm , ",
    "serie": "Matemáticas // ",
    "tema": "Aritmética --  // ",
    "cdu": "51  // ",
    "pais_publicacion": "sp",
    "lengua_publicacion": "spa",
    "tipo_documento": " Libro",
    "signatura": "1/3072 // ",
    "version_digital": "http://bdh-rd.bne.es/viewer.vm?id=0000075696&page=1 ** ",
    "texto_OCR": "http://bdh-rd.bne.es/text.vm?id=0000075696&first=1&last=406 ** "
  },
  {
    "id_BNE": "bima0000022995",
    "autor_personas": "Beveridge, William , 1637-1708  // Pasquali, Giovanni Battista  // ",
    "título": "Institutionum chronologicarum libri duo unà cum totidem arithmetices chronologicae libellis ",
    "informacion_asociada_titulo": "per Guilielmum Beveregium ",
    "edicion": "Editio prima veneta auctior & emendatior ...",
    "editorial": "typis Jo. Baptistae Pasquali  ",
    "lugar_publicacion": "Venetiis",
    "fecha_publicacion": "1738",
    "descripcion_fisica": "[16], 341, [5] p. , 8º , ",
    "serie": "Ciencias puras. Ciencias naturales // Matemáticas // ",
    "contenido": "Segunda parte con portadilla propia: Arithmetices chronologicae libri duo Per G. B. , p. 239-341// Segunda parte con portadilla propia: Arithmetices chronologicae libri duo Per G. B. , p. 239-341// ",
    "descripcion_notas": "Contiene caracteres en griego y en árabe  // Existen diferentes estados de esta edición: variante A, con [ ] de una hoja, y con \"cyclus lunae est 3\" en el recto de K₇ linea 12, y variante B en la que se corrige el texto: \"Cyclus lunae est 2\" y cuadernillo [ ] de dos hojas  // Marca tipográfica en portada  // Sign.: *-2*⁴, A-X⁸, Y², [ ]¹, Z²  // Portada a dos tintas  // ",
    "tema": "Aritmética -- Obras anteriores a 1800 --  // Calendarios -- Obras anteriores a 1800 --  // Cronología -- Obras anteriores a 1800 --  // ",
    "lugar_relacionado": "Venecia, Italia // ",
    "cdu": "51  // ",
    "pais_publicacion": "it",
    "lengua_publicacion": "lat",
    "tipo_documento": " Libro",
    "signatura": "U/3740 // ",
    "version_digital": "http://bdh-rd.bne.es/viewer.vm?id=0000104792&page=1 ** ",
    "texto_OCR": "http://bdh-rd.bne.es/text.vm?id=0000104792&first=1&last=371 ** "
  },
  {
    "id_BNE": "bima0000127126",
    "autor_personas": "Avila, Ventura de  // Moreno, Francisco , fl. 1734-1780 -imp.  // ",
    "autor_entidades": "Real Sociedad Económica Aragonesa de Amigos del País  // ",
    "título": "Reglas generales que de la arithmetica numerica y literal, de la formación de potencias, y extraccion de raìces de cantidades numéricas, y literales, y de la algebra decòran en la Academia de Mathematicas establecida en Zaragoza por la Sociedad Aragonesa los alumnos de este Real Cuerpo, ... ",
    "informacion_asociada_titulo": "por Don Ventura de Avila, ... ",
    "editorial": "en la Imprenta de Francisco Moreno  ",
    "lugar_publicacion": "En Zaragoza",
    "fecha_publicacion": "1780",
    "descripcion_fisica": "44 p. , 4º , ",
    "serie": "Matemáticas // ",
    "descripcion_notas": "Sign.: A-E⁴, F²  // Emblema xilográfico de la Real Sociedad Aragonesa de Amigos del País de Zaragoza en portada, con la leyenda: \"Florece fomentando\"  // ",
    "citas_referencias": "Aguilar Piñal. Bib. S.XVIII v. 1, 3061  // ",
    "tema": "Aritmética -- Obras anteriores a 1800 --  // ",
    "lugar_relacionado": "Zaragoza, España // ",
    "cdu": "51  // ",
    "pais_publicacion": "sp",
    "lengua_publicacion": "spa",
    "tipo_documento": " Libro",
    "signatura": "2/51985(8) // ",
    "version_digital": "http://bdh-rd.bne.es/viewer.vm?id=0000116998&page=1 ** ",
    "texto_OCR": "http://bdh-rd.bne.es/text.vm?id=0000116998&first=1&last=47 ** "
  },
  {
    "id_BNE": "bima0000127991",
    "autor_personas": "Conde, Jaime  // Miedes, Blas -imp.  // ",
    "autor_entidades": "Real Sociedad Económica Aragonesa de Amigos del País  // ",
    "título": "Rudimentos de arismetica para facilitar la enseñanza en la Escuela Patriotica de la Real Sociedad Aragonesa de Amigos del Pais ",
    "informacion_asociada_titulo": "por el socio Don Jayme Conde, ... ",
    "editorial": "por Blas Miedes Impresor de la Real Sociedad  ",
    "lugar_publicacion": "En Zaragoza",
    "fecha_publicacion": "1781",
    "descripcion_fisica": "88 p. , 4º , ",
    "serie": "Matemáticas // ",
    "descripcion_notas": "Fecha de impresión tomada de la data del documento: \"Zaragoza 28 de Noviembre de 1781\"  // Sign.: A-L⁴  // Emblema xilográfico de la Real Sociedad Aragonesa de Amigos del País de Zaragoza en portada, con la leyenda: \"Florece fomentando\"  // ",
    "citas_referencias": "Aguilar Piñal.Bib.S.XVIII v. 2, p. 529, 3930  // ",
    "tema": "Aritmética -- Obras anteriores a 1800 --  // ",
    "lugar_relacionado": "Zaragoza, España // ",
    "cdu": "51  // ",
    "pais_publicacion": "sp",
    "lengua_publicacion": "spa",
    "tipo_documento": " Libro",
    "signatura": "VE/1274/9 // ",
    "version_digital": "http://bdh-rd.bne.es/viewer.vm?id=0000125301&page=1 ** ",
    "texto_OCR": "http://bdh-rd.bne.es/text.vm?id=0000125301&first=1&last=88 ** "
  },
  {
    "id_BNE": "bima0000126381",
    "autor_personas": "Cortés, Jerónimo , m. 1615  // ",
    "autor_entidades": "Herederos de Diego de Larumbe -imp.  // ",
    "título": "Aritmética Practica muy util, y necessaria para todo genero de Tratantes y Mercaderes ... ",
    "informacion_asociada_titulo": "compuesto y ordenado por Gernimo Cortés ... ",
    "editorial": "Por los Herederos de Diego de Larumbe  ",
    "lugar_publicacion": "Zaragoza",
    "fecha_publicacion": "1724",
    "descripcion_fisica": "[16], 528 p., [2] h. de grab. , 4º , ",
    "serie": "Matemáticas // ",
    "descripcion_notas": "Segun consta en port.: \"en esta ultima Impression se ha añadido un Tratado de Medir Tierras\" (p. 513-528)  // Sign: a⁸, A-Z⁸, Aa-Kk⁸  // Portada con grabado xilográfico de S. Antonio de Padua  // ",
    "tema": "Aritmética -- Obras anteriores a 1800 --  // ",
    "lugar_relacionado": "Zaragoza, España // ",
    "cdu": "51  // ",
    "pais_publicacion": "sp",
    "lengua_publicacion": "spa",
    "tipo_documento": " Libro",
    "signatura": "2/29998 // ",
    "version_digital": "http://bdh-rd.bne.es/viewer.vm?id=0000114852&page=1 ** ",
    "texto_OCR": "http://bdh-rd.bne.es/text.vm?id=0000114852&first=1&last=553 ** "
  },
  {
    "id_BNE": "Mimo0002248194",
    "autor_personas": "Cabanyes, Isidoro , 1843-1915  // ",
    "título": "Estudio de un problema geométrico ",
    "editorial": "[s.n.]  ",
    "lugar_publicacion": "Segovia",
    "fecha_publicacion": "1895",
    "descripcion_fisica": "[5] p. pleg. , 32 x 44 cm , fe de erratas con dedicatoria  ",
    "serie": "Matemáticas // ",
    "descripcion_notas": "Autor (p. [5]): Isidoro Cabanyes  // ",
    "tema": "Geometría --  // ",
    "cdu": "51  // ",
    "pais_publicacion": "sp",
    "lengua_publicacion": "spa",
    "tipo_documento": " Libro",
    "signatura": "VC/2627/102 // VC/2627/102 // ",
    "version_digital": "http://bdh-rd.bne.es/viewer.vm?id=0000117542&page=1 ** ",
    "texto_OCR": "http://bdh-rd.bne.es/text.vm?id=0000117542&first=1&last=15 ** "
  },
  {
    "id_BNE": "Mimo0002248195",
    "autor_personas": "Cabanyes, Isidoro , 1843-1915  // ",
    "título": "Solución de la trisección gráfica del ángulo ",
    "informacion_asociada_titulo": "por Isidoro Cabanyes ",
    "editorial": "[s.n.]  Imp. de M. Tello  ",
    "lugar_publicacion": "[S.l.] , Madrid",
    "fecha_publicacion": "1870",
    "descripcion_fisica": "15 p. , 22 cm , ",
    "serie": "Matemáticas // ",
    "tema": "Trisección del ángulo --  // ",
    "cdu": "51  // ",
    "pais_publicacion": "sp",
    "lengua_publicacion": "spa",
    "tipo_documento": " Libro",
    "signatura": "VC/1536/62 // ",
    "version_digital": "http://bdh-rd.bne.es/viewer.vm?id=0000117876&page=1 ** ",
    "texto_OCR": "http://bdh-rd.bne.es/text.vm?id=0000117876&first=1&last=17 ** "
  },
  {
    "id_BNE": "bimo0002262706",
    "autor_personas": "Cabanyes, Joaquín de  // ",
    "título": "Geometría descriptiva aplicaciones a la construcción de las sombras y al dibujo de los cuerpos ",
    "otros_títulos": "Perspectiva y sombras  // ",
    "informacion_asociada_titulo": "por Joaquín de Cabanyes ",
    "editorial": "[s.n.]  Est. Tip. de Fidel Giró  ",
    "lugar_publicacion": "[S.l.] , Barcelona",
    "fecha_publicacion": "1880",
    "descripcion_fisica": "63 p., V h. pleg. de lám. , 22 cm , ",
    "serie": "Matemáticas // ",
    "tema": "Geometría descriptiva --  // ",
    "cdu": "51  // ",
    "pais_publicacion": "sp",
    "lengua_publicacion": "spa",
    "tipo_documento": " Libro",
    "signatura": "12/263923(2) // ",
    "version_digital": "http://bdh-rd.bne.es/viewer.vm?id=0000124098&page=1 ** ",
    "texto_OCR": "http://bdh-rd.bne.es/text.vm?id=0000124098&first=1&last=75 ** "
  },
  {
    "id_BNE": "Mimo0002253642",
    "autor_personas": "Mobona, Rogerio  // ",
    "título": "Curso de aritmética ",
    "informacion_asociada_titulo": "por Rogerio Mobona. ",
    "editorial": "[s.n.]  Imp. de Antonio Gallifa  ",
    "lugar_publicacion": "[S.l.] , Zaragoza",
    "fecha_publicacion": "1845",
    "descripcion_fisica": "85 p. , 17 cm , ",
    "serie": "Matemáticas // ",
    "tema": "Aritmética --  // ",
    "cdu": "51  // ",
    "pais_publicacion": "sp",
    "lengua_publicacion": "spa",
    "tipo_documento": " Libro",
    "signatura": "VC/2573/55 // ",
    "version_digital": "http://bdh-rd.bne.es/viewer.vm?id=0000117462&page=1 ** ",
    "texto_OCR": "http://bdh-rd.bne.es/text.vm?id=0000117462&first=1&last=90 ** "
  },
  {
    "id_BNE": "bima0000005265",
    "autor_personas": "Cerdán, Pablo  // Gil, Jerónimo , fl. 1623-1627 -impresor  // ",
    "título": "Breue y compendioso tratado de arismetica [sic] : en el qual se da metodo ... para sacar ... toda manera de cuenta ... y sirue para todo genero de compras y vendas ... en toda la Corona de Aragon, Valencia y Cataluña ",
    "informacion_asociada_titulo": "agora nueuamente compuesto por Pablo Cerdan ... ",
    "editorial": "en la emprenta de Geronymo Gil  ",
    "lugar_publicacion": "Impresso en ... Tortosa",
    "fecha_publicacion": "1624",
    "descripcion_fisica": "[392] h. , 8º , ",
    "serie": "Ciencias puras. Ciencias naturales // Matemáticas // ",
    "descripcion_notas": "Sign.: A-L⁸, [M]⁴, N-Z⁸, Aa-Bb⁸  // Portada con escudo xilográfico  // ",
    "tema": "Aritmética -- Obras anteriores a 1800 --  // ",
    "lugar_relacionado": "Tortosa, España // ",
    "cdu": "51  // ",
    "pais_publicacion": "sp",
    "lengua_publicacion": "spa",
    "tipo_documento": " Libro",
    "signatura": "2/28629 // ",
    "version_digital": "http://bdh-rd.bne.es/viewer.vm?id=0000079348&page=1 ** ",
    "texto_OCR": "http://bdh-rd.bne.es/text.vm?id=0000079348&first=1&last=387 ** "
  },
  {
    "id_BNE": "bima0000127066",
    "autor_personas": "Ayerbe, Pedro Vicente Jordán de Urríes y Pignatelli, Marqués de , 1743-1799  // Cueto, Luis de , fl. 1724-1783 -imp.  // ",
    "título": "Discurso á los artesanos de Zaragoza con motivo de dar principio a la Escuela de matematicas, erigida para su instruccion por la Real Sociedad Aragonesa ",
    "informacion_asociada_titulo": "dicho por el Marques de Ayerbe ... el dia veinte de Enero del año 1780 ",
    "editorial": "en la imprenta de Don Luis de Cueto...  ",
    "lugar_publicacion": "En Zaragoza",
    "fecha_publicacion": "1780",
    "descripcion_fisica": "20 p. , 4º , ",
    "serie": "Matemáticas // ",
    "descripcion_notas": "Fecha de impresión deducida del título  // Sign.: A¹⁰  // Portada y páginas orladas  // ",
    "tema": "Real Sociedad Económica Aragonesa de Amigos del País --  // Matemáticas -- Enseñanza -- España --  // ",
    "lugar_relacionado": "Zaragoza, España // ",
    "cdu": "51  // ",
    "pais_publicacion": "sp",
    "lengua_publicacion": "spa",
    "tipo_documento": " Libro",
    "signatura": "3/33224(6) // ",
    "version_digital": "http://bdh-rd.bne.es/viewer.vm?id=0000124187&page=1 ** ",
    "texto_OCR": "http://bdh-rd.bne.es/text.vm?id=0000124187&first=1&last=23 ** "
  },
  {
    "id_BNE": "bima0000127798",
    "autor_personas": "López Peñalver, Juan Luis  // Martínez de Aguilar, Francisco , fl. 1753-1778? -impresor  // ",
    "título": "Egercicio de las ciencias que tratan de la quantidad, y Semanero Malacitano : en que por pliegos distribuidos semanariamente se descifra y compendia la arithmetica inferior y superior, algebra literal y diferencial, geometria elementar [sic] y practica - trigonometria rectilinea y curbilinea, geographia y ordenacion de tiempo ",
    "informacion_asociada_titulo": "por don Juan Luis Lopez Peñalver, ayudante de contralor provincial de Real artillerìa de las Costa del Reyno de Granada, y presidios menores de Africa ",
    "editorial": "en la oficina de Francisco Martinez de Aguilar, calle de San Juan donde se hallará  ",
    "lugar_publicacion": "Impresso en Malaga",
    "fecha_publicacion": "1765 - 1766",
    "descripcion_fisica": "[232] p., [1] h. pleg. , 4º , ",
    "serie": "Matemáticas // Ciencias puras. Ciencias naturales // ",
    "contenido": "Contiene XXXIX números, que denomina \"Pliegos\", desde el lunes 7 de octubre de 1765 al lunes 21 de abril de 1766// Contiene XXXIX números, que denomina \"Pliegos\", desde el lunes 7 de octubre de 1765 al lunes 21 de abril de 1766// ",
    "descripcion_notas": "Fecha tomada de la datación los \"Pliegos\"  // Sign.: A-C⁴, [ ]⁴, D⁴, F-H⁴, [I-M]⁴, N⁴, y⁴, P-X⁴, [ ]³²  // Errores en signaturas: Entre el cuadernillo C y el D hay uno en blanco, falta cuadernillo E, los cuadernillos de la I a la M no tienen signatura, después del cuadernillo de la N hay una Y, a partir de cuadernillo de la X no hay signaturas.  // Iniciales grabadas y frisos xilográficos al inicio del texto en cada pliego  // La h. de lámina plegada se corresponde con el pliego XXV del semanero Malacitano y representa tres tablas: De las medias de los liquidos y aridos de los hebreros; de los griegos y de los romanos  // ",
    "citas_referencias": "Aguilar Piñal. Bib. S.XVIII v. 5, 1399  // ",
    "tema": "Armaduras -- Obras anteriores a 1800 --  // ",
    "lugar_relacionado": "Málaga, España // ",
    "cdu": "51  // ",
    "pais_publicacion": "sp",
    "lengua_publicacion": "spa",
    "tipo_documento": " Libro",
    "signatura": "R/11825 // ",
    "version_digital": "http://bdh-rd.bne.es/viewer.vm?id=0000119106&page=1 ** ",
    "texto_OCR": "http://bdh-rd.bne.es/text.vm?id=0000119106&first=1&last=241 ** "
  },
  {
    "id_BNE": "Mimo0002257102",
    "autor_personas": "Vázquez Queipo, Vicente , 1804-1893  // ",
    "título": "Aritmética superior mercantil o teoría de los intereses simple y compuesto ",
    "informacion_asociada_titulo": "por Vicente Vázquez Queipo ",
    "editorial": "[s.n.]  Imp. de ... Viuda e Hijo de Aguado  ",
    "lugar_publicacion": "[S.l.] , Madrid",
    "fecha_publicacion": "1886",
    "descripcion_fisica": "XIII, 160, [39} p. , 26 cm , ",
    "serie": "Matemáticas // ",
    "tema": "Matemáticas financieras --  // ",
    "cdu": "51  // ",
    "pais_publicacion": "sp",
    "lengua_publicacion": "spa",
    "tipo_documento": " Libro",
    "signatura": "1/49216 // ",
    "version_digital": "http://bdh-rd.bne.es/viewer.vm?id=0000075147&page=1 ** ",
    "texto_OCR": "http://bdh-rd.bne.es/text.vm?id=0000075147&first=1&last=215 ** "
  },
  {
    "id_BNE": "Mimo0002257104",
    "autor_personas": "Vázquez Queipo, Vicente , 1804-1893  // ",
    "título": "Tablas de los logaritmos vulgares con seis decimales dispuestas a doble entrada por un nuevo método ",
    "informacion_asociada_titulo": "por Vicente Vázquez Queipo ",
    "edicion": "Ed. estereotípica corr. y notablemente aum.",
    "editorial": "[s.n.]  Imp. de José Cruzado  ",
    "lugar_publicacion": "[S.l.] , Madrid",
    "fecha_publicacion": "1867",
    "descripcion_fisica": "1 v. (pag. var.) , 16 cm , ",
    "serie": "Matemáticas // ",
    "tema": "Logaritmos --  // ",
    "cdu": "51  // ",
    "pais_publicacion": "sp",
    "lengua_publicacion": "spa",
    "tipo_documento": " Libro",
    "signatura": "2/3222 // ",
    "version_digital": "http://bdh-rd.bne.es/viewer.vm?id=0000115038&page=1 ** ",
    "texto_OCR": "http://bdh-rd.bne.es/text.vm?id=0000115038&first=1&last=384 ** "
  },
  {
    "id_BNE": "Mimo0002258111",
    "autor_personas": "Burillo de Santiago, Manuel , 1848-1916  // ",
    "título": "Elementos de matemáticas ",
    "informacion_asociada_titulo": "por Manuel Burillo de Santiago ",
    "editorial": "Imp., Librería y Litografía del Diario  ",
    "lugar_publicacion": "Córdoba",
    "fecha_publicacion": "1879 - 1880",
    "descripcion_fisica": "2 v. , il. , 24 cm , ",
    "serie": "Matemáticas // ",
    "contenido": "t. 1. Aritmética y álgebra (275 p.) -- t. 2. Geometría y trigonometría (327 p.)// t. 1. Aritmética y álgebra (275 p.) -- t. 2. Geometría y trigonometría (327 p.)// ",
    "tema": "Matemáticas --  // ",
    "cdu": "51  // ",
    "pais_publicacion": "sp",
    "lengua_publicacion": "spa",
    "tipo_documento": " Libro",
    "signatura": "1/8388 // ",
    "version_digital": "http://bdh-rd.bne.es/viewer.vm?id=0000124185&page=1 ** ",
    "texto_OCR": "http://bdh-rd.bne.es/text.vm?id=0000124185&first=1&last=689 ** "
  },
  {
    "id_BNE": "Mimo0002258104",
    "autor_personas": "Bentabol y Ureta, Horacio , 1854-1928  // Collignon, Edouard  // ",
    "título": "Cuadratura de áreas planas aplicada al cálculo de perfiles trasversales según un método gráfico de Ed. Collignon ",
    "informacion_asociada_titulo": "por H. Bentabol ",
    "editorial": "[s.n.]  Imp. de Fortanet  ",
    "lugar_publicacion": "[S.l.] , Madrid",
    "fecha_publicacion": "1887",
    "descripcion_fisica": "16 p. , 19 cm , ",
    "serie": "Matemáticas // ",
    "tema": "Nivelación --  // ",
    "cdu": "51  // ",
    "pais_publicacion": "sp",
    "lengua_publicacion": "spa",
    "tipo_documento": " Libro",
    "signatura": "VC/965/1 // ",
    "version_digital": "http://bdh-rd.bne.es/viewer.vm?id=0000125277&page=1 ** ",
    "texto_OCR": "http://bdh-rd.bne.es/text.vm?id=0000125277&first=1&last=22 ** "
  },
  {
    "id_BNE": "bima0000127680",
    "autor_personas": "Vallejo, José Mariano , 1779-1846  // Guasp, Melchor , fl. 1808-1817 -imp.  // Guasp, Felipe -imp.  // ",
    "título": "Tratado elemental de matemáticas ",
    "informacion_asociada_titulo": "escrito de órden de S. M. para uso de los caballeros seminaristas del Real seminario de nobles ... por D. Josef Mariano Vallejo ... ",
    "editorial": "en la Imprenta de Melchor Guasp  ",
    "lugar_publicacion": "Mallorca",
    "fecha_publicacion": "1812 - 1817",
    "descripcion_fisica": "4 v. (XXX, [2], 412 p., [1] h. pleg. ; X, 314 p., [1] h. pleg. ; [4], IV, 323, [1] p., [1] h. pleg., 8 h. de lám. pleg. ; VI, 253, [1] p., [1] h. pleg., [5] h. de lám. pleg. , 4º , ",
    "serie": "Matemáticas // ",
    "contenido": "Contiene: T. I, parte primera que contiene la aritmética y algebra (XXX, [2], 412 p., [1] h. pleg.) -- t. I, parte segunda, que contiene la geometría, trigonometría y geometría práctica (X, 314 p., [1] h. pleg., [2] h., 16 h. de lám. pleg.) -- t. II, parte primera que contiene la trigonometría esférica, la aplicación del álgebra a la geometría aplicada a las secciones cónicas... y equaciones superiores (IV, 323 p., [1] h. pleg., 8 h. de lám. pleg.) -- t. II, parte II, que contiene las funciones, límites, cálculo de las diferencias, y el diferencial e integral (VI, 253 p., [1] h. pleg., h. de lám. pleg. 9-13) -- t. III, parte primera, que contiene la mecánica dividida en sus cuatro tratados de estática, dinámica, hidrostática e hidrodinámica (VI, 328 p., 9 h. de lám. pleg.)// Contiene: T. I, parte primera que contiene la aritmética y algebra (XXX, [2], 412 p., [1] h. pleg.) -- t. I, parte segunda, que contiene la geometría, trigonometría y geometría práctica (X, 314 p., [1] h. pleg., [2] h., 16 h. de lám. pleg.) -- t. II, parte primera que contiene la trigonometría esférica, la aplicación del álgebra a la geometría aplicada a las secciones cónicas... y equaciones superiores (IV, 323 p., [1] h. pleg., 8 h. de lám. pleg.) -- t. II, parte II, que contiene las funciones, límites, cálculo de las diferencias, y el diferencial e integral (VI, 253 p., [1] h. pleg., h. de lám. pleg. 9-13) -- t. III, parte primera, que contiene la mecánica dividida en sus cuatro tratados de estática, dinámica, hidrostática e hidrodinámica (VI, 328 p., 9 h. de lám. pleg.)// ",
    "descripcion_notas": "El t. II, 1ª parte impreso en 1813, el t. II, 2ª parte impreso por Felipe Guasp en 1813 y el t. III impreso en Valencia por Estévan en 1817  // Marca tipográfica en portada  // Sign: [ ]⁶⁻¹, A-z⁴, 2A-2H⁴, 2G-2H⁴, 2I-2O⁴, 2P²⁻¹ ; [ ]⁴, A-z⁴, 2A-2Q⁴, 2Q⁴, 2R² ; [ ]⁴, A-Z⁴, 2A-2G⁴, H⁴⁻¹  // Las signaturas tipográficas del T. I parte 1ª y las del T. III no se han podido consignar por falta de fuentes de información bibligráfica.  // Errores en signaturas tipográficas : en el t.I pt. 1ª duplica los cuadernillos 2G-2H. En el t.II pt. 1ª duplica el cuadernillo 2Q. En el t.II pt. 2ª Incluye la J y en lugar de la M pone K  // Las h. de grab. pleg. son grabs. calcográficos representando figuras matemáticas.  // ",
    "citas_referencias": "Palau XXV, p.183-184  // ",
    "tema": "Matemáticas --  // ",
    "lugar_relacionado": "Mallorca, España // ",
    "cdu": "51  // ",
    "pais_publicacion": "sp",
    "lengua_publicacion": "spa",
    "tipo_documento": " Libro",
    "signatura": "5/3362 // ",
    "version_digital": "http://bdh-rd.bne.es/viewer.vm?id=0000023309&page=1 ** http://bdh-rd.bne.es/viewer.vm?id=0000023309&page=272 ** http://bdh-rd.bne.es/viewer.vm?id=0000023309&page=619 ** ",
    "texto_OCR": "http://bdh-rd.bne.es/text.vm?id=0000023309&first=1&last=271 ** http://bdh-rd.bne.es/text.vm?id=0000023309&first=272&last=618 ** http://bdh-rd.bne.es/text.vm?id=0000023309&first=619&last=944 ** "
  },
  {
    "id_BNE": "Mimo0002254900",
    "autor_personas": "Portuondo y Barceló, Antonio , 1845-1920  // ",
    "título": "Apuntes hechos por el profesor Don Antonio Portuondo curso de 1898 a 99 ",
    "editorial": "[s.n.]  Estab. Tip. de Fortanet  ",
    "lugar_publicacion": "[S.l.] , Madrid",
    "fecha_publicacion": "1898",
    "descripcion_fisica": "282 p. , 25 cm , ",
    "serie": "Matemáticas // ",
    "descripcion_notas": "Precede al título: Escuela Especial de Ingenieros de Caminos, Canales y Puertos  // ",
    "tema": "Probabilidades --  // Análisis de errores --  // Mínimos cuadrados --  // ",
    "cdu": "51  // ",
    "pais_publicacion": "sp",
    "lengua_publicacion": "spa",
    "tipo_documento": " Libro",
    "signatura": "1/74714 // ",
    "version_digital": "http://bdh-rd.bne.es/viewer.vm?id=0000123785&page=1 ** ",
    "texto_OCR": "http://bdh-rd.bne.es/text.vm?id=0000123785&first=1&last=293 ** "
  },
  {
    "id_BNE": "Mimo0002254901",
    "autor_personas": "Portuondo y Barceló, Antonio , 1845-1920  // ",
    "título": "Discusiones de trigonometría ",
    "informacion_asociada_titulo": "por A. Portuondo ",
    "editorial": "[s.n.]  Imp., Estereotipia y Galvanoplastia de Aribau y Cª  ",
    "lugar_publicacion": "[S.l.] , Madrid",
    "fecha_publicacion": "1878",
    "descripcion_fisica": "116 p., [3] h. pleg. de lám. , 21 cm , ",
    "serie": "Matemáticas // ",
    "tema": "Trigonometría --  // ",
    "cdu": "51  // ",
    "pais_publicacion": "sp",
    "lengua_publicacion": "spa",
    "tipo_documento": " Libro",
    "signatura": "1/49644 // ",
    "version_digital": "http://bdh-rd.bne.es/viewer.vm?id=0000075144&page=1 ** ",
    "texto_OCR": "http://bdh-rd.bne.es/text.vm?id=0000075144&first=1&last=119 ** "
  },
  {
    "id_BNE": "Mimo0002254902",
    "autor_personas": "Portuondo y Barceló, Antonio , 1845-1920  // ",
    "título": "Ensayo sobre el infinito ",
    "informacion_asociada_titulo": "por A. Portuondo ",
    "editorial": "[s.n.]  Imp. y Estereotipia de Aribau y Cª  ",
    "lugar_publicacion": "[S.l.] , Madrid",
    "fecha_publicacion": "1880",
    "descripcion_fisica": "IX, 158 p., [2] h. pleg. de lám. , 17 cm , ",
    "serie": "Matemáticas // ",
    "tema": "Cálculo --  // ",
    "cdu": "51  // ",
    "pais_publicacion": "sp",
    "lengua_publicacion": "spa",
    "tipo_documento": " Libro",
    "signatura": "1/44970 // ",
    "version_digital": "http://bdh-rd.bne.es/viewer.vm?id=0000075325&page=1 ** ",
    "texto_OCR": "http://bdh-rd.bne.es/text.vm?id=0000075325&first=1&last=177 ** "
  },
  {
    "id_BNE": "Mimo0002254903",
    "autor_personas": "Portuondo y Barceló, Antonio , 1845-1920  // ",
    "título": "Notas al \"Tratado de geometría elemental\" de E. Rouché y Ch. de Comberousse ",
    "informacion_asociada_titulo": "por A. Portuondo ",
    "edicion": "2ª ed., rev. y aum.",
    "editorial": "[s.n.]  Imp. de Enrique Teodoro  ",
    "lugar_publicacion": "[S.l.] , Madrid",
    "fecha_publicacion": "1881",
    "descripcion_fisica": "XIV, 122 p., 2 h. pleg. de lám. , 23 cm , ",
    "serie": "Matemáticas // ",
    "tema": "Geometría --  // ",
    "cdu": "51  // ",
    "pais_publicacion": "sp",
    "lengua_publicacion": "spa",
    "tipo_documento": " Libro",
    "signatura": "VC/3842/8 // ",
    "version_digital": "http://bdh-rd.bne.es/viewer.vm?id=0000123281&page=1 ** ",
    "texto_OCR": "http://bdh-rd.bne.es/text.vm?id=0000123281&first=1&last=142 ** "
  },
  {
    "id_BNE": "biam0000000721",
    "autor_personas": "Ibn Bassal, Muhammad b. Ibrahim  // Ibn Wafid, Abd al-Rahman ibn Muhammad  // ",
    "título_uniforme": "[Tratado de agricultura] // ",
    "título": "Tratado de aritmética (h. 1-16v). Tratado de agricultura (h. 17-32). Abd Allah Muhammad ibn Ibrahim ibn Bassal, Libro de agricultura (h. 33-82) ",
    "fecha_publicacion": "entre 1401 y 1500?",
    "descripcion_fisica": "82 h. , 28 x 20 cm. , ",
    "serie": "Ciencias aplicadas. Tecnología // Agricultura. Silvicultura. Ganadería. Caza. Pesca // Ciencias puras. Ciencias naturales // Matemáticas // ",
    "descripcion_notas": "Los dos primeros Tratados empiezan incompletos. En el segundo Tratado hay una gran laguna al final: en la h. 31v. acaba incompleto el cap. LXXXIX, y la h. 32 contiene parte de un cap. sobre las moscas, y el principio del cap. CVI, \"De matar las moscardas e de las faser foyr\"; El resto de la hoja está en blanco. El último Tratado empieza en el cap. I, y acaba con el enunciado del cap. 12  // Letras de dos manos distintas  // Textos en español  // Título en el tejuelo: Libro de agricultura  // En el Inventario de El Escorial, del S. XVI, el segundo Tratado se atribuye a Ibn Wafid de Toledo  // La h. 13v. y las dos últimas líneas de la 16v., escritas al revés  // Entre las h. 12 y 13 falta una hoja, cortada en la base. La h. 61, mal encuadernada, debería estar entre las h. 59 y 60. En blanco la h. 80v.  // Las iniciales del segundo Tratado en rojo; las capitales del último, en rojo y violeta con decoración de rasgueo  // ",
    "citas_referencias": "BOOST p. 122-123, nº 1655  // Alvar y Lucía, Literatura medieval p. 12-14  // Gonzálvez, Ramón, Hombres y libros de Toledo. Madrid, 1997 p. 282  // Millás, B. Catedral Toledo p. 91-103, nº XIX  // PhiloBiblon, BETA manid 3061  // ",
    "procedencia": "Catedral de Toledo  // Catedral de Toledo  // ",
    "tema": "Aritmética --  // Agricultura --  // ",
    "cdu": "51  //  63  // ",
    "pais_publicacion": "  ",
    "lengua_publicacion": "   ",
    "tipo_documento": "Manuscrito",
    "signatura": "Mss/10106 // ",
    "version_digital": "http://bdh-rd.bne.es/viewer.vm?id=0000047557 ** "
  },
  {
    "id_BNE": "Mimo0002257970",
    "autor_personas": "Arañó, Miguel , 1818-1881  // O., F.  // ",
    "título": "Cuadernos de aritmética práctica ",
    "informacion_asociada_titulo": "arreglados por M. A. y F. O. ",
    "editorial": "[s.n.]  Imp. de José Taulo  ",
    "lugar_publicacion": "[S.l.] , Barcelona",
    "fecha_publicacion": "1851",
    "descripcion_fisica": "1 v. (pag. var.) , 21 cm , ",
    "serie": "Matemáticas // ",
    "descripcion_notas": "3 t. en 1 v.  // ",
    "tema": "Aritmética -- Problemas --  // ",
    "cdu": "51  // ",
    "pais_publicacion": "sp",
    "lengua_publicacion": "spa",
    "tipo_documento": " Libro",
    "signatura": "1/70355 // ",
    "version_digital": "http://bdh-rd.bne.es/viewer.vm?id=0000123832&page=1 ** ",
    "texto_OCR": "http://bdh-rd.bne.es/text.vm?id=0000123832&first=1&last=232 ** "
  },
  {
    "id_BNE": "a4395171",
    "autor_personas": "Pérez de Moya, Juan , 1513-1596  // Gracián, Juan , fl. 1568-1587 -imp.  // ",
    "título_uniforme": "[Tratado de Geometría práctica y especulativa] // ",
    "título": "Tratado de Geometria practica y speculatiua ",
    "informacion_asociada_titulo": "por el bachiller Iuan Perez de Moya ... ",
    "editorial": "por Iuan Gracian  ",
    "lugar_publicacion": "En Alcala",
    "fecha_publicacion": "1573",
    "descripcion_fisica": "[4], 249, [15] p. , il. , Fol. , ",
    "descripcion_notas": "Sign.: A¹², B-P⁸, Q-R⁶  // Escudo tipográfico en portada  // Iniciales grabadas  // Ilustraciones xilográficas intercaladas en el texto (gráficos)  // ",
    "tema": "Geometría -- Obras anteriores a 1800 --  // ",
    "lugar_relacionado": "Alcalá de Henares, España // ",
    "cdu": "514(02)\"15\"  // ",
    "pais_publicacion": "sp",
    "lengua_publicacion": "spa",
    "tipo_documento": " Libro",
    "signatura": "R/4755(1) // R/4755(1) // ",
    "version_digital": "http://bdh-rd.bne.es/viewer.vm?id=0000114549&page=1 ** ",
    "texto_OCR": "http://bdh-rd.bne.es/text.vm?id=0000114549&first=1&last=270 ** "
  },
  {
    "id_BNE": "a4395949",
    "autor_personas": "Pérez de Moya, Juan , 1513-1596  // Gracián, Juan , fl. 1568-1587 -impresor  // ",
    "título": "Tratado de Mathematicas : en que se contienen cosas de arithmetica, geometria, cosmographia y philisophia natural, con otras materias necessarias a todas artes liberales y mechanicas ... ",
    "informacion_asociada_titulo": "ordenado por ... Iuan Perez de Moya ... ",
    "editorial": "por Iuan Gracian  ",
    "lugar_publicacion": "En Alcala de Henares",
    "fecha_publicacion": "1573",
    "descripcion_fisica": "[16], 752, [20] p. , Fol. , ",
    "descripcion_notas": "Colofón en p. 752  // Sign.: ¶⁸, A-Z⁸, a-z⁸, Aa⁸, Bb¹⁰  // Iniciales grabadas  // Texto a dos columnas con apostillas marginales  // Portada con escudo xilográfico real  // ",
    "citas_referencias": "Martín Abad 795  // ",
    "tema": "Matemáticas -- Obras anteriores a 1800 --  // Astronomía -- Obras anteriores a 1800 --  // Geometría -- Obras anteriores a 1800 --  // ",
    "lugar_relacionado": "Alcalá de Henares, España // ",
    "cdu": "51  // ",
    "pais_publicacion": "sp",
    "lengua_publicacion": "spa",
    "tipo_documento": " Libro",
    "signatura": "R/31784 // R/31784 // ",
    "version_digital": "http://bdh-rd.bne.es/viewer.vm?id=0000134768&page=1 ** http://bdh-rd.bne.es/viewer.vm?id=0000134768&page=343 ** http://bdh-rd.bne.es/viewer.vm?id=0000134768&page=698 ** ",
    "texto_OCR": "http://bdh-rd.bne.es/text.vm?id=0000134768&first=1&last=342 ** http://bdh-rd.bne.es/text.vm?id=0000134768&first=343&last=697 ** http://bdh-rd.bne.es/text.vm?id=0000134768&first=698&last=788 ** "
  },
  {
    "id_BNE": "Mima0000005117",
    "autor_personas": "Corachán, Juan Bautista , 1661-1741  // Bordazar y Arteazu, Jaime , fl. 1681-1707 -imp.  // ",
    "título": "Arithmetica demonstrada theorico-practica, para lo mathematico, y mercantil : explicanse las monedas, pesos, y medidas de los hebreos, griegos, romanos, y de estos Reynos de España, conferidos entre si ... ",
    "informacion_asociada_titulo": "compuesta por Iuan Bautista Corachan ... ",
    "editorial": "por Jayme de Bordazar  vendese en casa Juan de Baeza ...  ",
    "lugar_publicacion": "En Valencia",
    "fecha_publicacion": "1699",
    "descripcion_fisica": "[24], 494 p., [2] en bl. , 4º , ",
    "serie": "Ciencias puras. Ciencias naturales // Matemáticas // ",
    "descripcion_notas": "Sign.: ¶±4÷-3¶±4÷, A-Z±4÷, 2A-2Z±4÷, 3A-3Q±4÷  // Port. a dos tintas  // ",
    "citas_referencias": "Aguilar Piñal.Bib.S.XVIII v. 2, 4128  // ",
    "lugar_relacionado": "Valencia, España // ",
    "cdu": "51  // ",
    "pais_publicacion": "sp",
    "lengua_publicacion": "spa",
    "tipo_documento": " Libro",
    "signatura": "R/34172 // ",
    "version_digital": "http://bdh-rd.bne.es/viewer.vm?id=0000060328&page=1 ** ",
    "texto_OCR": "http://bdh-rd.bne.es/text.vm?id=0000060328&first=1&last=518 ** "
  },
  {
    "id_BNE": "bimo0000621019",
    "autor_personas": "Bruño, G. M. , 1854-1910  // ",
    "título_uniforme": "[Aritmética] // ",
    "título": "Aritmética ",
    "informacion_asociada_titulo": "por M.G. Bruño... ",
    "editorial": "[Fidel Giró-José Cunill  ",
    "lugar_publicacion": "Barcelona",
    "fecha_publicacion": "1908",
    "descripcion_fisica": "3 v. , 18 cm , ",
    "serie": "Matemáticas // ",
    "contenido": "Libro del alumno - Vol. 1. Curso elemental- 160 pág. Vol. 2. Curso medio.- 350 pág. - Libro del maestro - Vol. 3. Soluciones y respuestas á los ejercicios y problemas del curso medio de Aritmética. 407 pág.// Libro del alumno - Vol. 1. Curso elemental- 160 pág. Vol. 2. Curso medio.- 350 pág. - Libro del maestro - Vol. 3. Soluciones y respuestas á los ejercicios y problemas del curso medio de Aritmética. 407 pág.// ",
    "tema": "Aritmética --  // ",
    "cdu": "51  // ",
    "pais_publicacion": "sp",
    "lengua_publicacion": "spa",
    "tipo_documento": " Libro",
    "signatura": "AHI/25178 // ",
    "version_digital": "http://bdh-rd.bne.es/viewer.vm?id=0000116289&page=1 ** ",
    "texto_OCR": "http://bdh-rd.bne.es/text.vm?id=0000116289&first=1&last=327 ** "
  },
  {
    "id_BNE": "Mimo0002249724",
    "autor_personas": "Villa y Martín, Santiago de la , 1839-1914  // Téllez y Vicén, Juan , 1837-1855  // ",
    "título": "Discursos leído[s] y pronunciado[s] en la inauguración de La Unión Veterinaria, sociedad académica, el día 20 de octubre de 1878 en el Paraninfo de la Universidad Central ",
    "editorial": "[s.n.]  Estab. Tip. de P. Núñez  ",
    "lugar_publicacion": "[S.l.] , Madrid",
    "fecha_publicacion": "1878",
    "descripcion_fisica": "48 p. , 24 cm , ",
    "serie": "Biología // ",
    "contenido": "Discurso leído por D. Santiago de la Villa y Martín. Influencia de las matemáticas en el progreso de las ciencias físicas y biológicas / Juan Tellez Vicen// Discurso leído por D. Santiago de la Villa y Martín. Influencia de las matemáticas en el progreso de las ciencias físicas y biológicas / Juan Tellez Vicen// ",
    "tema": "Veterinaria --  // Matemáticas --  // ",
    "cdu": "51  // ",
    "pais_publicacion": "sp",
    "lengua_publicacion": "spa",
    "tipo_documento": " Libro",
    "signatura": "VC/2496/38 // ",
    "version_digital": "http://bdh-rd.bne.es/viewer.vm?id=0000078236&page=1 ** ",
    "texto_OCR": "http://bdh-rd.bne.es/text.vm?id=0000078236&first=1&last=50 ** "
  },
  {
    "id_BNE": "Mimo0002250961",
    "autor_personas": "Gómez de Salazar y Jiménez, Fernando , m. 1879  // ",
    "título": "Álgebra superior ",
    "informacion_asociada_titulo": "por Fernando Gómez de Salazar ",
    "editorial": "[s.n.]  Est. Tip. de R. Vicente  ",
    "lugar_publicacion": "[S.l.] , Madrid",
    "fecha_publicacion": "1868",
    "descripcion_fisica": "338 p. , 20 cm , ",
    "serie": "Matemáticas // ",
    "tema": "Álgebra --  // ",
    "cdu": "51  // ",
    "pais_publicacion": "sp",
    "lengua_publicacion": "spa",
    "tipo_documento": " Libro",
    "signatura": "1/26100 // ",
    "version_digital": "http://bdh-rd.bne.es/viewer.vm?id=0000075872&page=1 ** ",
    "texto_OCR": "http://bdh-rd.bne.es/text.vm?id=0000075872&first=1&last=347 ** "
  },
  {
    "id_BNE": "Mimo0002250800",
    "autor_personas": "García y Nieto, Agustín  // ",
    "título": "Nociones elementales de aritmética para uso de los niños que asisten a las escuelas ",
    "informacion_asociada_titulo": "por Agustín García y Nieto ",
    "editorial": "[s.n.]  Imp. de Timoteo Arnaiz  ",
    "lugar_publicacion": "[S.l] , Burgos",
    "fecha_publicacion": "1881",
    "descripcion_fisica": "76 p. , ",
    "serie": "Matemáticas // ",
    "tema": "Aritmética --  // ",
    "cdu": "51  // ",
    "pais_publicacion": "sp",
    "lengua_publicacion": "spa",
    "tipo_documento": " Libro",
    "signatura": "1/3292 // ",
    "version_digital": "http://bdh-rd.bne.es/viewer.vm?id=0000075715&page=1 ** ",
    "texto_OCR": "http://bdh-rd.bne.es/text.vm?id=0000075715&first=1&last=80 ** "
  },
  {
    "id_BNE": "bima0000126299",
    "autor_personas": "Xulve, Pedro  // Moya, Juan de , s. XVIII -editor  // ",
    "título": "Mathematico discurso y geometrica invencion de dos medias continuas proporcionales entre dos rectas dadas en razon dupla ",
    "otros_títulos": "Matemático discurso y geométrica invención de dos medias continuas proporcionales entre dos rectas dadas en razón dupla  // ",
    "informacion_asociada_titulo": "su autor Don Pedro Xulve professor de mathematicas ; dedicado al ... duque de Ossuna, conde Pinto ... ",
    "editorial": "Se hallará en casa de Juan de Moya, frente de San Felipe el Real  ",
    "lugar_publicacion": "[Madrid]",
    "fecha_publicacion": "1731?",
    "descripcion_fisica": "[24], 31 p., [1] p. en bl., [1] h. de grab. pleg. , 8º , ",
    "serie": "Matemáticas // Ciencias puras. Ciencias naturales // ",
    "descripcion_notas": "Fecha de impresión probable tomada de la dedicatoria, Madrid á 28 de febrero de 1731  // Sign.:¶⁴, ¶¶⁸, A-B⁸  // Inicial xilográfica  // Portada con orla tipográfica  // Hoja de grabado calcográfico, representa cálculos geométricos  // ",
    "tema": "Geometría -- Obras anteriores a 1800 --  // ",
    "lugar_relacionado": "Madrid, España // ",
    "cdu": "51  // ",
    "pais_publicacion": "sp",
    "lengua_publicacion": "spa",
    "tipo_documento": " Libro",
    "signatura": "2/24012(1) // ",
    "version_digital": "http://bdh-rd.bne.es/viewer.vm?id=0000076019&page=1 ** ",
    "texto_OCR": "http://bdh-rd.bne.es/text.vm?id=0000076019&first=1&last=63 ** "
  },
  {
    "id_BNE": "Mimo0002250806",
    "autor_personas": "García San Pedro, Fernando , 1795-1854  // ",
    "título": "Principios de geometría analítica elemental destinados a la enseñanza de la Academia Especial del Cuerpo de Ingenieros del Ejército ",
    "informacion_asociada_titulo": "por Fernando García San Pedro ",
    "editorial": "[s.n.]  Imp. Nacional  ",
    "lugar_publicacion": "[S.l.] , Madrid",
    "fecha_publicacion": "1840",
    "descripcion_fisica": "XI, 166 p., [4] h. de lám. , 22 cm , ",
    "serie": "Matemáticas // Ciencias puras. Ciencias naturales // ",
    "tema": "Geometría analítica --  // ",
    "cdu": "51  // ",
    "pais_publicacion": "sp",
    "lengua_publicacion": "spa",
    "tipo_documento": " Libro",
    "signatura": "2/3634 // ",
    "version_digital": "http://bdh-rd.bne.es/viewer.vm?id=0000119076&page=1 ** ",
    "texto_OCR": "http://bdh-rd.bne.es/text.vm?id=0000119076&first=1&last=193 ** "
  },
  {
    "id_BNE": "Mimo0002250235",
    "autor_personas": "Esteban, Felix  // ",
    "título": "Tratado auxiliar de aritmética decimal teórico-práctica, dispuesto al alcance de los niños ... ",
    "informacion_asociada_titulo": "por Félix Esteban ",
    "editorial": "[s.n.]  Estab. Tip. de Villanueva  ",
    "lugar_publicacion": "[S.l.]Burgos",
    "fecha_publicacion": "1867",
    "descripcion_fisica": "120 p. , 20 cm , ",
    "serie": "Matemáticas // ",
    "tema": "Aritmética --  // ",
    "cdu": "51  // ",
    "pais_publicacion": "sp",
    "lengua_publicacion": "spa",
    "tipo_documento": " Libro",
    "signatura": "2/3905 // ",
    "version_digital": "http://bdh-rd.bne.es/viewer.vm?id=0000115124&page=1 ** ",
    "texto_OCR": "http://bdh-rd.bne.es/text.vm?id=0000115124&first=1&last=121 ** "
  },
  {
    "id_BNE": "Mimo0002253818",
    "autor_personas": "Vázquez Mosquera, Evaristo  // ",
    "título": "Ábaco aritmético o nuevo sistema de calculo numérico en gran parte mecánico, menos laborioso y mucho mas fácil, rápido y seguro que el usual, seguido de un apéndice ... ",
    "informacion_asociada_titulo": "por Evaristo Antonio Mosquera ",
    "editorial": "[s.n.]  Imp. de Antúnez  ",
    "lugar_publicacion": "[S.l.] , Pontevedra",
    "fecha_publicacion": "1864",
    "descripcion_fisica": "VII, 49, 74 p. , 17 x 23 cm , ",
    "serie": "Matemáticas // ",
    "tema": "Cálculo numérico --  // ",
    "cdu": "51  // ",
    "pais_publicacion": "sp",
    "lengua_publicacion": "spa",
    "tipo_documento": " Libro",
    "signatura": "2/3786 // ",
    "version_digital": "http://bdh-rd.bne.es/viewer.vm?id=0000115132&page=1 ** ",
    "texto_OCR": "http://bdh-rd.bne.es/text.vm?id=0000115132&first=1&last=336 ** "
  },
  {
    "id_BNE": "Mimo0002257966",
    "autor_personas": "Antillano, Francisco Javier  // ",
    "título": "Compendio de aritmética para uso de los niños ",
    "informacion_asociada_titulo": "por Francisco Javier Antillano ",
    "edicion": "3ª ed. corr. y aum.",
    "editorial": "A. Izquierdo  ",
    "lugar_publicacion": "Sevilla",
    "fecha_publicacion": "1864",
    "descripcion_fisica": "180 p. , 16 cm , ",
    "serie": "Matemáticas // ",
    "tema": "Aritmética --  // ",
    "cdu": "51  // ",
    "pais_publicacion": "sp",
    "lengua_publicacion": "spa",
    "tipo_documento": " Libro",
    "signatura": "2/4316 // ",
    "version_digital": "http://bdh-rd.bne.es/viewer.vm?id=0000117152&page=1 ** ",
    "texto_OCR": "http://bdh-rd.bne.es/text.vm?id=0000117152&first=1&last=178 ** "
  },
  {
    "id_BNE": "Mimo0002254509",
    "autor_personas": "Peláez de Lamadrid, Gregorio  // ",
    "título": "Elementos de aritmética práctica con el nuevo sistema métrico-decimal arreglado en diálogo para mejor inteligencia y puesto al alcance de todos ",
    "informacion_asociada_titulo": "por Gregorio Peláez de Lamadrid ",
    "edicion": "1ª ed.",
    "editorial": "[s.n.]  Imp. de C. Moliner y Compañía  ",
    "lugar_publicacion": "[S.l.] , Madrid",
    "fecha_publicacion": "1870",
    "descripcion_fisica": "131 p. , 16 cm , ",
    "serie": "Matemáticas // ",
    "tema": "Aritmética --  // Sistema métrico --  // ",
    "cdu": "51  // ",
    "pais_publicacion": "sp",
    "lengua_publicacion": "spa",
    "tipo_documento": " Libro",
    "signatura": "2/4618 // ",
    "version_digital": "http://bdh-rd.bne.es/viewer.vm?id=0000117079&page=1 ** ",
    "texto_OCR": "http://bdh-rd.bne.es/text.vm?id=0000117079&first=1&last=134 ** "
  },
  {
    "id_BNE": "bima0000126042",
    "autor_personas": "Cedillo, Pedro Manuel , 1676-1761  // Martin Hermosilla, Lucas -imp.  // ",
    "título": "Trigonometria aplicada a la navegación, assi por el beneficio de las tablas de los senos, y tangentes logarithmicas, como por el uso de las dos escalas plana, y artificial ",
    "informacion_asociada_titulo": "autor Don Pedro Manuel Cedillo ... ",
    "editorial": "por Lucas Martin Hermosilla  ",
    "lugar_publicacion": "En Sevilla",
    "fecha_publicacion": "1718",
    "descripcion_fisica": "[24], 105, [5], [151] p., 4 h. de grab. pleg. , 8º , ",
    "serie": "Matemáticas // ",
    "descripcion_notas": "Fecha tomada de la licencia  // Sign:¶⁸, §⁴, A-G⁸, A-I⁸, K⁴  // Portada enmarcada por orla tipográfica  // Iniciales grabadas  // Las hojas de grabrado plegable. son grabados calcográficos representando figuras matemáticas  // ",
    "citas_referencias": "Aguilar Piñal.Bib.S.XVIII v. 2, 2710  // ",
    "tema": "Trigonometría -- Obras anteriores a 1800 --  // ",
    "lugar_relacionado": "Sevilla, España // ",
    "cdu": "51  // ",
    "pais_publicacion": "sp",
    "lengua_publicacion": "spa",
    "tipo_documento": " Libro",
    "signatura": "3/68690 // ",
    "version_digital": "http://bdh-rd.bne.es/viewer.vm?id=0000124123&page=1 ** ",
    "texto_OCR": "http://bdh-rd.bne.es/text.vm?id=0000124123&first=1&last=298 ** "
  },
  {
    "id_BNE": "bimo0000685254",
    "autor_personas": "Cardona y Escarrabil, Baltasar  // ",
    "título": "Tratado de geometría descriptiva y de sus principales aplicaciones al dibujo de proyectos, sombras, perspectiva, cortes de piedra, de madera, de hierro, etc. ... ",
    "otros_títulos": "Átlas de geometría descriptiva y de sus principales aplicaciones ...  // ",
    "informacion_asociada_titulo": "por Baltasar Cardona y Escarrabill ",
    "editorial": "[s.n.]  Est. Tip. de Jaime Jepús  ",
    "lugar_publicacion": "[S.l.] , Barcelona",
    "fecha_publicacion": "1865",
    "descripcion_fisica": "2 v. , 21 cm , ",
    "serie": "Matemáticas // ",
    "tema": "Geometría descriptiva --  // ",
    "cdu": "51  // ",
    "pais_publicacion": "sp",
    "lengua_publicacion": "spa",
    "tipo_documento": " Libro",
    "signatura": "1/65276-1/65277 // ",
    "version_digital": "http://bdh-rd.bne.es/viewer.vm?id=0000013587&page=1 ** http://bdh-rd.bne.es/viewer.vm?id=0000013587&page=17 ** http://bdh-rd.bne.es/viewer.vm?id=0000013587&page=155 ** http://bdh-rd.bne.es/viewer.vm?id=0000013587&page=293 ** http://bdh-rd.bne.es/viewer.vm?id=0000013587&page=299 ** http://bdh-rd.bne.es/viewer.vm?id=0000013587&page=610 ** http://bdh-rd.bne.es/viewer.vm?id=0000013587&page=618 ** ",
    "texto_OCR": "http://bdh-rd.bne.es/text.vm?id=0000013587&first=1&last=16 ** http://bdh-rd.bne.es/text.vm?id=0000013587&first=17&last=154 ** http://bdh-rd.bne.es/text.vm?id=0000013587&first=155&last=292 ** http://bdh-rd.bne.es/text.vm?id=0000013587&first=293&last=298 ** http://bdh-rd.bne.es/text.vm?id=0000013587&first=299&last=609 ** http://bdh-rd.bne.es/text.vm?id=0000013587&first=610&last=617 ** http://bdh-rd.bne.es/text.vm?id=0000013587&first=618&last=691 ** "
  },
  {
    "id_BNE": "bimo0002249926",
    "autor_personas": "Echegaray, José , 1832-1916  // Valle, Lucio del , 1815-1874  // ",
    "título": "Discursos leídos ante la Real Academia de Ciencias Exactas, Físicas y Naturales en la recepción pública del Sr. D. José Echegaray ",
    "editorial": "Eusebio Aguado  ",
    "lugar_publicacion": "Madrid",
    "fecha_publicacion": "1866",
    "descripcion_fisica": "53 p. , 4º mllª (28 cm) , ",
    "serie": "Matemáticas // ",
    "descripcion_notas": "Tema: Historia de las matemáticas puras en España  // Incluye discurso de contestación por Lucio del Valle  // ",
    "cdu": "51  // ",
    "pais_publicacion": "sp",
    "lengua_publicacion": "spa",
    "tipo_documento": " Libro",
    "version_digital": "http://bdh-rd.bne.es/viewer.vm?id=0000117921&page=1 ** ",
    "texto_OCR": "http://bdh-rd.bne.es/text.vm?id=0000117921&first=1&last=55 ** "
  },
  {
    "id_BNE": "Mimo0002255023",
    "autor_personas": "Pujals de la Bastida, Vicente  // ",
    "título": "Descubrimientos importantísimos y reflexiones filosóficas acerca de la numeración perfecta y del sistema perfecto de medidas, pesos y monedas ",
    "informacion_asociada_titulo": "por Vicente Pujals de la Bastida ",
    "editorial": "[s.n.]  Imp. de J. M. Ducazcal  ",
    "lugar_publicacion": "[S.l.] , Madrid",
    "fecha_publicacion": "1860",
    "descripcion_fisica": "16 p. , 21 cm , ",
    "serie": "Matemáticas // ",
    "tema": "Numeración --  // Pesos y medidas --  // ",
    "cdu": "511.11  // ",
    "pais_publicacion": "sp",
    "lengua_publicacion": "spa",
    "tipo_documento": " Libro",
    "signatura": "VC/998/14 // ",
    "version_digital": "http://bdh-rd.bne.es/viewer.vm?id=0000125283&page=1 ** ",
    "texto_OCR": "http://bdh-rd.bne.es/text.vm?id=0000125283&first=1&last=16 ** "
  },
  {
    "id_BNE": "bimo0000803253",
    "autor_personas": "Echegaray, José , 1832-1916  // ",
    "título": "Cálculo de variaciones lecciones esplicadas en la Escuela de Ingenieros de Caminos, Canales y Puertos ",
    "otros_títulos": "Cálculo de variaciones lecciones explicadas en la Escuela de Ingenieros de Caminos, Canales y Puertos  // ",
    "informacion_asociada_titulo": "por José Echegaray ",
    "editorial": "[s.n.]  Imp. de D. José C. de la Peña  ",
    "lugar_publicacion": "[S.l.] , Madrid",
    "fecha_publicacion": "1858",
    "descripcion_fisica": "68 p., [1] h. pleg. de lám. , 23 cm , ",
    "serie": "Matemáticas // ",
    "tema": "Cálculo de variaciones --  // ",
    "cdu": "517.97  // ",
    "pais_publicacion": "sp",
    "lengua_publicacion": "spa",
    "tipo_documento": " Libro",
    "signatura": "HA/16242(7) // VC/385/22 // ",
    "version_digital": "http://bdh-rd.bne.es/viewer.vm?id=0000116302&page=1 ** ",
    "texto_OCR": "http://bdh-rd.bne.es/text.vm?id=0000116302&first=1&last=74 ** "
  },
  {
    "id_BNE": "bima0000128272",
    "autor_personas": "Varas, Antonio , 1817-1886 -ed. lit.  // ",
    "autor_entidades": "Real Academia de Bellas Artes de San Fernando -ed.  // Viuda de Ibarra, Hijos y Compañía , fl. 1785-1804  // ",
    "título": "Aritmética y geometría práctica de la Real Academia de San Fernando ",
    "informacion_asociada_titulo": "[Antonio de Varas] ",
    "editorial": "Real Academia de S. Fernando  Viuda de Ibarra  ",
    "lugar_publicacion": "Madrid",
    "fecha_publicacion": "1801",
    "descripcion_fisica": "216 p., 16 h. de lám. pleg. , il. , 22 cm , ",
    "serie": "Matemáticas // ",
    "descripcion_notas": "Antonio de Varas es el ed. lit. según el prólogo  // Dada la calidad del papel puede apreciarse por los corondeles que está en 4ª  // Sign.: *±6÷, A-N±8÷, O±4÷  // Las 16 h. de lám. pleg. son grab. calc.que reproducen gráficas de geometría  // ",
    "lugar_relacionado": "Madrid, España // ",
    "cdu": "51  // ",
    "pais_publicacion": "sp",
    "lengua_publicacion": "spa",
    "tipo_documento": " Libro",
    "signatura": "2/4687 // ",
    "version_digital": "http://bdh-rd.bne.es/viewer.vm?id=0000117102&page=1 ** ",
    "texto_OCR": "http://bdh-rd.bne.es/text.vm?id=0000117102&first=1&last=259 ** "
  },
  {
    "id_BNE": "Mimo0002258071",
    "autor_personas": "Bascuas y Colon, María  // ",
    "título": "Aritmética para uso de las escuelas de instrucción primaria ",
    "informacion_asociada_titulo": "por María Bascuas y Colon ",
    "edicion": "2ª ed.",
    "editorial": "[s.n.]  Imp. de F. García Herrero  ",
    "lugar_publicacion": "[S.l.] , Madrid",
    "fecha_publicacion": "1883",
    "descripcion_fisica": "96 p. , 15 cm , ",
    "serie": "Matemáticas // ",
    "tema": "Aritmética --  // ",
    "cdu": "51  // ",
    "pais_publicacion": "sp",
    "lengua_publicacion": "spa",
    "tipo_documento": " Libro",
    "signatura": "2/5097 // ",
    "version_digital": "http://bdh-rd.bne.es/viewer.vm?id=0000116996&page=1 ** ",
    "texto_OCR": "http://bdh-rd.bne.es/text.vm?id=0000116996&first=1&last=100 ** "
  },
  {
    "id_BNE": "Mimo0002250947",
    "autor_personas": "Gómez, Manuel Jesús  // ",
    "título": "Tronímetro : cálculo, medición y trazado de todas las líneas, arcos y ángulos, distancias, alturas y pendientes ",
    "informacion_asociada_titulo": "por Manuel Jesús Gómez ",
    "editorial": "[s.n.]  Imp. Militar y del Comercio A. Quesada  ",
    "lugar_publicacion": "[S.l.] , Santander",
    "fecha_publicacion": "1890",
    "descripcion_fisica": "12 p. , 21 cm , ",
    "serie": "Matemáticas // ",
    "tema": "Trigonometría --  // ",
    "cdu": "51  // ",
    "pais_publicacion": "sp",
    "lengua_publicacion": "spa",
    "tipo_documento": " Libro",
    "signatura": "VC/4886/20 // ",
    "version_digital": "http://bdh-rd.bne.es/viewer.vm?id=0000123310&page=1 ** ",
    "texto_OCR": "http://bdh-rd.bne.es/text.vm?id=0000123310&first=1&last=18 ** "
  },
  {
    "id_BNE": "Mimo0002258046",
    "autor_personas": "Bartrina y Royo, J. , m. 1894  // ",
    "título": "Tratado de álgebra elemental ",
    "informacion_asociada_titulo": "por J. Bartrina y Royo ",
    "edicion": "1ª ed.",
    "editorial": "[s.n.]  Imp. de Francisco Vives Mora  ",
    "lugar_publicacion": "[S.l.] , Valencia",
    "fecha_publicacion": "1891",
    "descripcion_fisica": "154 p. , 22 cm , ",
    "serie": "Matemáticas // ",
    "tema": "Álgebra --  // ",
    "cdu": "51  // ",
    "pais_publicacion": "sp",
    "lengua_publicacion": "spa",
    "tipo_documento": " Libro",
    "signatura": "1/44164 // ",
    "version_digital": "http://bdh-rd.bne.es/viewer.vm?id=0000075309&page=1 ** ",
    "texto_OCR": "http://bdh-rd.bne.es/text.vm?id=0000075309&first=1&last=159 ** "
  },
  {
    "id_BNE": "Mimo0002258047",
    "autor_personas": "Bartrina y Royo, J. , m. 1894  // ",
    "título": "Tratado de aritmética ",
    "informacion_asociada_titulo": "por J. Bartrina y Royo ",
    "edicion": "1ª ed.",
    "editorial": "[s.n.]  Imp. de Francisco Vives Mora  ",
    "lugar_publicacion": "[S.l.] , Valencia",
    "fecha_publicacion": "1891",
    "descripcion_fisica": "122 p. , 22 cm , ",
    "serie": "Matemáticas // ",
    "tema": "Aritmética --  // ",
    "cdu": "51  // ",
    "pais_publicacion": "sp",
    "lengua_publicacion": "spa",
    "tipo_documento": " Libro",
    "signatura": "1/10537 // ",
    "version_digital": "http://bdh-rd.bne.es/viewer.vm?id=0000076177&page=1 ** ",
    "texto_OCR": "http://bdh-rd.bne.es/text.vm?id=0000076177&first=1&last=127 ** "
  },
  {
    "id_BNE": "Mimo0002258048",
    "autor_personas": "Bartrina y Capella, José María , 1861-1946  // Bartrina y Royo, J. , m. 1894  // ",
    "título": "Aritmética para el 1er curso de la 2ª enseñanza ",
    "informacion_asociada_titulo": "arreglo por J.M. Bartrina y Capella de la \"Aritmética para las escuelas de 1ª enseñanza\" publicada en 1858 por J. Bartrina y Royo ",
    "edicion": "1ª ed.",
    "editorial": "[s.n.]  Tip. La Académica, de Serra Hnos.  y Russell  ",
    "lugar_publicacion": "[S.l.] , Barcelona",
    "fecha_publicacion": "1899",
    "descripcion_fisica": "150 p. , 20 cm , ",
    "serie": "Matemáticas // ",
    "tema": "Aritmética --  // ",
    "cdu": "51  // ",
    "pais_publicacion": "sp",
    "lengua_publicacion": "spa",
    "tipo_documento": " Libro",
    "signatura": "1/28337 // ",
    "version_digital": "http://bdh-rd.bne.es/viewer.vm?id=0000075865&page=1 ** ",
    "texto_OCR": "http://bdh-rd.bne.es/text.vm?id=0000075865&first=1&last=164 ** "
  },
  {
    "id_BNE": "Mimo0002258049",
    "autor_personas": "Bartrina y Capella, José María , 1861-1946  // ",
    "título": "Tablas de logaritmos a cinco decimales para los 10800 primeros números y para los senos, tangentes, cotangentes y cosenos, de 1' en 1' seguidas de diferentes tablitas útiles y de una colección de fórmulas usuales, y precedidas de una explicación sobre su manejo ",
    "informacion_asociada_titulo": "por J.M. Bartrina y Capella ",
    "edicion": "1ª ed.",
    "editorial": "[s.n.]  Imp. de Pedro Ortega  ",
    "lugar_publicacion": "[S.l.] , Barcelona",
    "fecha_publicacion": "1896",
    "descripcion_fisica": "LXVII, 162 p. , 18 cm , ",
    "serie": "Matemáticas // ",
    "tema": "Logaritmos --  // ",
    "cdu": "51  // ",
    "pais_publicacion": "sp",
    "lengua_publicacion": "spa",
    "tipo_documento": " Libro",
    "signatura": "1/31594 // ",
    "version_digital": "http://bdh-rd.bne.es/viewer.vm?id=0000075702&page=1 ** ",
    "texto_OCR": "http://bdh-rd.bne.es/text.vm?id=0000075702&first=1&last=232 ** "
  },
  {
    "id_BNE": "Mimo0002258075",
    "autor_personas": "Bartrina y Capella, José María , 1861-1946  // ",
    "autor_entidades": "Instituto Provincial de Segunda Enseñanza de Barcelona  // ",
    "título": "Programa de la asignatura de aritmética y álgebra para el curso de 1899 a 1900 ",
    "informacion_asociada_titulo": "por J.M. Bartrina y Capella ",
    "editorial": "[s.n.]  Imp. de Francisco J. Altés Alabart  ",
    "lugar_publicacion": "[S.l.] , Barcelona",
    "fecha_publicacion": "1899",
    "descripcion_fisica": "16 p. , 22 cm , ",
    "serie": "Matemáticas // ",
    "descripcion_notas": "Precede al título: Instituto de 2ª Enseñanza de Barcelona  // ",
    "tema": "Aritmética -- Programas de estudio --  // Álgebra -- Programas de estudio --  // ",
    "cdu": "51  // ",
    "pais_publicacion": "sp",
    "lengua_publicacion": "spa",
    "tipo_documento": " Libro",
    "signatura": "VC/2482/9 // ",
    "version_digital": "http://bdh-rd.bne.es/viewer.vm?id=0000117431&page=1 ** ",
    "texto_OCR": "http://bdh-rd.bne.es/text.vm?id=0000117431&first=1&last=18 ** "
  },
  {
    "id_BNE": "bimo0001649056",
    "autor_personas": "Bartrina y Capella, José María , 1861-1946  // ",
    "autor_entidades": "Instituto Provincial de Segunda Enseñanza de Barcelona  // ",
    "título": "Programa de la asignatura de geometría y trigonometría para el curso de 1898 a 1899 del Instituto de 2ª Enseñanza de Barcelona ",
    "informacion_asociada_titulo": "por J.M. Bartrina y Capella ",
    "editorial": "[s.n.]  A. López Robert, Impresor  ",
    "lugar_publicacion": "[S.l.] , Barcelona",
    "fecha_publicacion": "1898",
    "descripcion_fisica": "21 p. , 22 cm , ",
    "serie": "Matemáticas // ",
    "tema": "Geometría -- Programas de estudio --  // Trigonometría -- Programas de estudio --  // ",
    "cdu": "51  // ",
    "pais_publicacion": "sp",
    "lengua_publicacion": "spa",
    "tipo_documento": " Libro",
    "signatura": "VC/2694/64 // ",
    "version_digital": "http://bdh-rd.bne.es/viewer.vm?id=0000122884&page=1 ** ",
    "texto_OCR": "http://bdh-rd.bne.es/text.vm?id=0000122884&first=1&last=28 ** "
  },
  {
    "id_BNE": "bimo0002258045",
    "autor_personas": "Bartrina y Capella, José María , 1861-1946  // ",
    "título": "Elementos de geometría pura y de trigonometría rectilínea ",
    "informacion_asociada_titulo": "por J.M. Bartrina y Capella ",
    "edicion": "1ª ed.",
    "editorial": "[s.n.]  A. López Robert  ",
    "lugar_publicacion": "[S.l.] , Barcelona",
    "fecha_publicacion": "1898",
    "descripcion_fisica": "305 p. , il. , 23 cm , ",
    "serie": "Matemáticas // ",
    "tema": "Geometría --  // Trigonometría --  // ",
    "cdu": "51  // ",
    "pais_publicacion": "sp",
    "lengua_publicacion": "spa",
    "tipo_documento": " Libro",
    "signatura": "2/43732 // ",
    "version_digital": "http://bdh-rd.bne.es/viewer.vm?id=0000124108&page=1 ** ",
    "texto_OCR": "http://bdh-rd.bne.es/text.vm?id=0000124108&first=1&last=307 ** "
  },
  {
    "id_BNE": "a4397996",
    "autor_personas": "Pérez de Moya, Juan , 1513-1596  // Sánchez, Luis , fl. 1590-1627 -impresor  // Guillén, Diego -ed.  // ",
    "título_uniforme": "[Aritmética práctica y especulativa] // ",
    "título": "Arismetica pratica [sic] y especulatiua ",
    "informacion_asociada_titulo": "del bachiller Iuan Perez de Moya ; agora nueuamente corregida y añadidas por el mismo autor muchas cosas, con otros dos libros y una tabla muy copiosa ... ",
    "editorial": "por Luis Sanchez  a costa de Diego Guillen ...  ",
    "lugar_publicacion": "En Madrid",
    "fecha_publicacion": "1598",
    "descripcion_fisica": "[24], 368 h. , il. , 8º , ",
    "descripcion_notas": "Sign.: ¶⁸, A-B⁸, A-Z⁸, Aa-Zz⁸  // Múltiples errores de paginación  // Viñeta xilográfica en portada con la cruz del Calvario  // Iniciales grabadas  // Grabados xilográficos intercalados en el texto, principalmente gráficos  // ",
    "tema": "Aritmética -- Obras anteriores a 1800 --  // ",
    "lugar_relacionado": "Madrid, España // ",
    "cdu": "51  // ",
    "pais_publicacion": "sp",
    "lengua_publicacion": "spa",
    "tipo_documento": " Libro",
    "signatura": "R/7405 // R/7405 // ",
    "version_digital": "http://bdh-rd.bne.es/viewer.vm?id=0000114547&page=1 ** ",
    "texto_OCR": "http://bdh-rd.bne.es/text.vm?id=0000114547&first=1&last=782 ** "
  },
  {
    "id_BNE": "bimo0002250587",
    "autor_personas": "Ferrer y Pertegás, Francisca  // ",
    "título": "Elementos de geometría plana y descriptiva y nociones de dibujo con aplicación a las labores de la maestra ",
    "informacion_asociada_titulo": "por Francisca Ferrer de Partegás ",
    "editorial": "[s.n.]  Imp. Gombau, Vicent y Masiá  ",
    "lugar_publicacion": "[S.l.] , Valencia",
    "fecha_publicacion": "1897",
    "descripcion_fisica": "VIII, 174 p., [30] h. de lám. , 22 cm , ",
    "serie": "Matemáticas // ",
    "tema": "Geometría plana --  // Geometría descriptiva --  // Dibujo --  // ",
    "cdu": "51  // ",
    "pais_publicacion": "sp",
    "lengua_publicacion": "spa",
    "tipo_documento": " Libro",
    "signatura": "2/42303 // ",
    "version_digital": "http://bdh-rd.bne.es/viewer.vm?id=0000117131&page=1 ** ",
    "texto_OCR": "http://bdh-rd.bne.es/text.vm?id=0000117131&first=1&last=233 ** "
  },
  {
    "id_BNE": "Mimo0002251197",
    "autor_personas": "Guerra y Gifre, Liberato , 1831-1870  // ",
    "título": "Definiciones y problemas de aritmética para los ejercicios teóricos y prácticos de las escuelas elementales ",
    "informacion_asociada_titulo": "por Liberato Guerra y Gifre ",
    "edicion": "19ª ed.",
    "editorial": "Librería de Francisco Puig  ",
    "lugar_publicacion": "Barcelona",
    "fecha_publicacion": "1898",
    "descripcion_fisica": "100 p. , 17 cm , ",
    "serie": "Matemáticas // ",
    "tema": "Aritmética --  // ",
    "cdu": "51  // ",
    "pais_publicacion": "sp",
    "lengua_publicacion": "spa",
    "tipo_documento": " Libro",
    "signatura": "2/42147 // ",
    "version_digital": "http://bdh-rd.bne.es/viewer.vm?id=0000117025&page=1 ** ",
    "texto_OCR": "http://bdh-rd.bne.es/text.vm?id=0000117025&first=1&last=100 ** "
  }
]