[
  {
    "id_BNE": "bimo0001651583",
    "autor_personas": "Boscasa, Lorenzo  // ",
    "título": "Tratado de anatomía general, descriptiva y topográfica ",
    "informacion_asociada_titulo": "por Lorenzo Boscasa ",
    "edicion": "2ª ed., refundida y considerablemente aum.",
    "editorial": "Librería de los Señores Viuda y Hijos de D. Antonio Calleja  ",
    "lugar_publicacion": "Madrid",
    "fecha_publicacion": "1844 - 1845",
    "descripcion_fisica": "2 t. en 3 v. (IVX, 739, 23, 420 p.) , 19 cm , ",
    "serie": "Medicina // Enciclopedia de medicina, cirujía y farmacia // ",
    "tema": "Anatomía --  // ",
    "cdu": "61  // ",
    "pais_publicacion": "sp",
    "lengua_publicacion": "spa",
    "tipo_documento": " Libro",
    "signatura": "2/44662 // 2/44663 // ",
    "version_digital": "http://bdh-rd.bne.es/viewer.vm?id=0000047926&page=1 ** http://bdh-rd.bne.es/viewer.vm?id=0000047926&page=330 ** http://bdh-rd.bne.es/viewer.vm?id=0000047926&page=776 ** ",
    "texto_OCR": "http://bdh-rd.bne.es/text.vm?id=0000047926&first=1&last=329 ** http://bdh-rd.bne.es/text.vm?id=0000047926&first=330&last=775 ** http://bdh-rd.bne.es/text.vm?id=0000047926&first=776&last=1203 ** "
  },
  {
    "id_BNE": "bimo0000683099",
    "autor_personas": "Capelo y Juan, Francisco  // ",
    "título": "Ensayo de un libro ó Manila, la higiene y el cólera colección de artículos publicados en el Periódico \"La Oceanía Española\" con el seudónimo Rui- Barbo ",
    "otros_títulos": "Manila, la higiene y el cólera  // ",
    "informacion_asociada_titulo": "por Francisco Capelo y Juan ",
    "editorial": "[s.n.]  Est. Tip. del Colegio de Santo Tomas á cargo de D. Gervasio Memije  ",
    "lugar_publicacion": "[S.l.] , Manila",
    "fecha_publicacion": "1883",
    "descripcion_fisica": "188 p. , 27 cm , ",
    "serie": "Medicina // ",
    "tema": "Cólera -- Filipinas --  // Salud pública -- Manila (Filipinas) --  // ",
    "cdu": "61  // ",
    "pais_publicacion": "ph",
    "lengua_publicacion": "spa",
    "tipo_documento": " Libro",
    "signatura": "HA/17692 // ",
    "version_digital": "http://bdh-rd.bne.es/viewer.vm?id=0000091135&page=1 ** ",
    "texto_OCR": "http://bdh-rd.bne.es/text.vm?id=0000091135&first=1&last=190 ** "
  },
  {
    "id_BNE": "bimo0000956261",
    "autor_personas": "González Velasco, Pedro , 1815-1882  // ",
    "título": "Discurso leído en la Universidad Central de Madrid por Don Pedro González Velasco, en el solemne acto de recibir la investidura de doctor en medicina y cirujía [sic] ",
    "editorial": "[s.n.]  Imp. de Andrés Peña  ",
    "lugar_publicacion": "[S.l.] , Madrid",
    "fecha_publicacion": "1854",
    "descripcion_fisica": "20 p. , 22 cm , ",
    "serie": "Medicina. Farmacia // ",
    "tema": "Medicina --  // ",
    "cdu": "61  // ",
    "pais_publicacion": "sp",
    "lengua_publicacion": "spa",
    "tipo_documento": " Libro",
    "signatura": "VC/2561/47 // ",
    "version_digital": "http://bdh-rd.bne.es/viewer.vm?id=0000108955&page=1 ** ",
    "texto_OCR": "http://bdh-rd.bne.es/text.vm?id=0000108955&first=1&last=22 ** "
  },
  {
    "id_BNE": "bimo0000956265",
    "autor_personas": "González Velasco, Pedro , 1815-1882  // ",
    "título": "Observaciones que se propuso someter al Congreso Médico Español el Dr. D. Pedro González Velasco ",
    "editorial": "[s.n.]  Imp. Médica de M. Álvarez  ",
    "lugar_publicacion": "[S.l.] , Madrid",
    "fecha_publicacion": "1869",
    "descripcion_fisica": "32 p. , 21 cm , ",
    "serie": "Medicina. Farmacia // ",
    "tema": "Medicina -- Enseñanza -- España --  // ",
    "cdu": "61  // ",
    "pais_publicacion": "sp",
    "lengua_publicacion": "spa",
    "tipo_documento": " Libro",
    "signatura": "VC/798/15 // ",
    "version_digital": "http://bdh-rd.bne.es/viewer.vm?id=0000083414&page=1 ** ",
    "texto_OCR": "http://bdh-rd.bne.es/text.vm?id=0000083414&first=1&last=35 ** "
  },
  {
    "id_BNE": "bimo0001243113",
    "autor_personas": "Norzagaray Escudero, Fernando de , 1808-  // ",
    "título": "[Bando sobre señales para avisar incendios] Manila 7 de septiembre 1858 ",
    "editorial": "[s.n.]  ",
    "lugar_publicacion": "Manila",
    "fecha_publicacion": "1858",
    "descripcion_fisica": "[1] h. , 45 cm , ",
    "serie": "Medicina. Farmacia // ",
    "descripcion_notas": "Precede al título: Superior Gobierno de Filipinas  // ",
    "tema": "Incendios -- Prevención -- Manila (Filipinas) --  // ",
    "cdu": "614.841.3:351.78(599.17)  // ",
    "pais_publicacion": "ph",
    "lengua_publicacion": "spa",
    "tipo_documento": " Libro",
    "signatura": "R/33375/32 // ",
    "version_digital": "http://bdh-rd.bne.es/viewer.vm?id=0000057042&page=1 ** ",
    "texto_OCR": "http://bdh-rd.bne.es/text.vm?id=0000057042&first=1&last=2 ** "
  },
  {
    "id_BNE": "bimo0001426667",
    "autor_personas": "Saura y Coronas, Pedro , 1851-1943  // ",
    "título": "De la fiebre hipertérmica perniciosa de Manila : tesis leída y sustentada en el ejercicio del grado de Doctor en Medicina y Cirugía el 10 de diciembre de 1890 or Pedro Saura y Coronas ",
    "editorial": "[s.n.]  Estab. Tip. de E. Jaramillo y Compañía  ",
    "lugar_publicacion": "[S.l.] , Madrid",
    "fecha_publicacion": "1891",
    "descripcion_fisica": "65 p. , 23 cm , ",
    "serie": "Medicina. Farmacia // Biblioteca de la Revista de Sanidad Militar // ",
    "tema": "Fiebre -- Manila (Filipinas) --  // ",
    "cdu": "61  // ",
    "pais_publicacion": "sp",
    "lengua_publicacion": "spa",
    "tipo_documento": " Libro",
    "condiciones_uso": "Acceso y/o uso restringido. La presente obra presenta restricciones en cuanto a su reproducción, distribución, comunicación pública o transformación; no obstante y en virtud del artículo 37 del Texto refundido de la Ley de Propiedad Intelectual (TRLPI), la Biblioteca Nacional de España está autorizada a la reproducción y a la comunicación de obras, mediante red cerrada e interna, a efectos de investigación (artículo 37, RDL 1/1996, de 12 de abril, revisada el 5 noviembre de 2015); sin perjuicio de las copias que puedan obtenerse en la BNE para uso privado, para ejercer cualquier otro de los derechos de explotación previstos en la TRLPI, el usuario deberá contactar con el correspondiente titular o la entidad de gestión encargada de representar al titular.//",
    "signatura": "2/26656 // ",
    "version_digital": "http://bdh-rd.bne.es/viewer.vm?id=0000106762&page=1 ** ",
    "texto_OCR": "http://bdh-rd.bne.es/text.vm?id=0000106762&first=1&last=79 ** "
  },
  {
    "id_BNE": "bimo0001426668",
    "autor_personas": "Saura y Coronas, Pedro , 1851-1943  // ",
    "título": "De la fiebre hipertérmica perniciosa de Manila tesis leída y sustentada en el ejercicio del grado de Doctor en Medicina y Cirugía ",
    "informacion_asociada_titulo": "por D. Pedro Saura y Coronas ",
    "editorial": "[s.n.]  Estab. Tip. de E. Jaramillo y Cª  ",
    "lugar_publicacion": "[S.l.] , Madrid",
    "fecha_publicacion": "1891",
    "descripcion_fisica": "66 p. , 24 cm , ",
    "serie": "Medicina. Farmacia // Biblioteca de la Revista de Sanidad Militar // ",
    "tema": "Fiebre -- Manila (Filipinas) --  // ",
    "cdu": "61  // ",
    "pais_publicacion": "sp",
    "lengua_publicacion": "spa",
    "tipo_documento": " Libro",
    "condiciones_uso": "Acceso y/o uso restringido. La presente obra presenta restricciones en cuanto a su reproducción, distribución, comunicación pública o transformación; no obstante y en virtud del artículo 37 del Texto refundido de la Ley de Propiedad Intelectual (TRLPI), la Biblioteca Nacional de España está autorizada a la reproducción y a la comunicación de obras, mediante red cerrada e interna, a efectos de investigación (artículo 37, RDL 1/1996, de 12 de abril, revisada el 5 noviembre de 2015); sin perjuicio de las copias que puedan obtenerse en la BNE para uso privado, para ejercer cualquier otro de los derechos de explotación previstos en la TRLPI, el usuario deberá contactar con el correspondiente titular o la entidad de gestión encargada de representar al titular.//",
    "signatura": "HA/13826 // ",
    "version_digital": "http://bdh-rd.bne.es/viewer.vm?id=0000116085&page=1 ** ",
    "texto_OCR": "http://bdh-rd.bne.es/text.vm?id=0000116085&first=1&last=71 ** "
  },
  {
    "id_BNE": "bimo0000956263",
    "autor_personas": "González Velasco, Pedro , 1815-1882  // ",
    "título": "Miguel Servet memoria leída el día 27 de octubre de 1880 por el Doctor D. Pedro González de Velasco en la sesión inaugural que celebró la Sociedad Anatómica Española en su curso académico de 1880-81 ",
    "editorial": "[s.n.]  Imp. Central a cargo de V. Sáiz  ",
    "lugar_publicacion": "[S.l.] , Madrid",
    "fecha_publicacion": "1880",
    "descripcion_fisica": "23 p. , 25 cm , ",
    "serie": "Medicina. Farmacia // ",
    "tema": "Servet, Miguel --  // ",
    "cdu": "61  // ",
    "pais_publicacion": "sp",
    "lengua_publicacion": "spa",
    "tipo_documento": " Libro",
    "signatura": "VC/734/2 // ",
    "version_digital": "http://bdh-rd.bne.es/viewer.vm?id=0000083389&page=1 ** ",
    "texto_OCR": "http://bdh-rd.bne.es/text.vm?id=0000083389&first=1&last=27 ** "
  },
  {
    "id_BNE": "bimo0001391135",
    "autor_personas": "Ronquillo, Carlos , 1838-1900  // ",
    "título": "El consultor higienico y médico de las madres de familia que contiene 1º los preceptos de la lactancia materna ... 2º una exposición sucinta de las causas, de los síntomas, del curso y de la gravedad de las enfermedades de la niñez ... ",
    "informacion_asociada_titulo": "por Carlos Ronquillo ",
    "editorial": "[s.n.]  Estab. Tip. de Ramírez y Compañía  ",
    "lugar_publicacion": "[S.l.] , Barcelona",
    "fecha_publicacion": "1865",
    "descripcion_fisica": "89 p. , 16 cm , ",
    "serie": "Medicina. Farmacia // ",
    "tema": "Lactancia materna --  // Niños -- Salud e higiene --  // Niños -- Enfermedades --  // ",
    "cdu": "61  // ",
    "pais_publicacion": "sp",
    "lengua_publicacion": "spa",
    "tipo_documento": " Libro",
    "signatura": "2/5150 // ",
    "version_digital": "http://bdh-rd.bne.es/viewer.vm?id=0000118018&page=1 ** ",
    "texto_OCR": "http://bdh-rd.bne.es/text.vm?id=0000118018&first=1&last=105 ** "
  },
  {
    "id_BNE": "bima0000097814",
    "autor_personas": "Sánchez Rubio, Marcos  // ",
    "autor_entidades": "Imprenta de la Universidad y del Comercio (La Habana)  // ",
    "título": "Tratado sobre la fiebre biliosa y otras enfermedades ",
    "informacion_asociada_titulo": "por Marcos Sanchez Rubio ",
    "editorial": "en la Imprenta del Comercio  ",
    "lugar_publicacion": "Habana",
    "fecha_publicacion": "1814",
    "descripcion_fisica": "[8], 5-360 p. , 8º , ",
    "serie": "Medicina. Farmacia // ",
    "descripcion_notas": "Sign.: 1⁴, 2-24⁸  // Adorno tipográfico en portada  // ",
    "tema": "Fiebre amarilla --  // ",
    "lugar_relacionado": "La Habana, Cuba // ",
    "cdu": "61  // ",
    "pais_publicacion": "cu",
    "lengua_publicacion": "spa",
    "tipo_documento": " Libro",
    "signatura": "2/5455 // 2/5455 // ",
    "version_digital": "http://bdh-rd.bne.es/viewer.vm?id=0000072342&page=1 ** ",
    "texto_OCR": "http://bdh-rd.bne.es/text.vm?id=0000072342&first=1&last=377 ** "
  },
  {
    "id_BNE": "bimo0001356042",
    "autor_personas": "Cervera y Royo, Rafael , 1828-1908  // ",
    "título": "Memoria acerca de las aguas minerales de la Almumia, término del Nuevo Baztán redactada en vista del informe geológico-químico de las mismas por el Dr. D. Rafael Cervera y Royo ",
    "editorial": "[s.n.]  Imp. y Litogr. de Diego Peñuelas  ",
    "lugar_publicacion": "[S.l.] , Madrid",
    "fecha_publicacion": "1856",
    "descripcion_fisica": "21 p., [1] h. de lám. , 22 cm , ",
    "serie": "Medicina. Farmacia // ",
    "tema": "Aguas minerales -- Nuevo Baztán --  // ",
    "cdu": "663.64(460.27 Nuevo Baztán)  //  61  // ",
    "pais_publicacion": "sp",
    "lengua_publicacion": "spa",
    "tipo_documento": " Libro",
    "signatura": "HA/12082(29) // ",
    "version_digital": "http://bdh-rd.bne.es/viewer.vm?id=0000115702&page=1 ** ",
    "texto_OCR": "http://bdh-rd.bne.es/text.vm?id=0000115702&first=1&last=30 ** "
  },
  {
    "id_BNE": "bimo0001649512",
    "autor_personas": "Bassols y Prim, Agustín , 1853-1919  // Rodríguez Méndez, Rafael , 1845-1919  // ",
    "título": "Climatoterapia española en la tisis pulmonar o estudio de los diversos puntos que en España, Islas Baleares y Canarias pueden utilizarse como sanatorios para los tísicos ",
    "informacion_asociada_titulo": "por Agustín Bassols y Prim ; con una carta-introducción por el Dr. D. Rafael Rodríguez Méndez ",
    "editorial": "Jaime Seix  ",
    "lugar_publicacion": "Barcelona",
    "fecha_publicacion": "1888",
    "descripcion_fisica": "XVI, 416 p. , 22 cm , ",
    "serie": "Medicina // ",
    "tema": "Tuberculosis -- Climatoterapia --  // ",
    "cdu": "61  // ",
    "pais_publicacion": "sp",
    "lengua_publicacion": "spa",
    "tipo_documento": " Libro",
    "signatura": "2/33029 // ",
    "version_digital": "http://bdh-rd.bne.es/viewer.vm?id=0000052885&page=1 ** ",
    "texto_OCR": "http://bdh-rd.bne.es/text.vm?id=0000052885&first=1&last=436 ** "
  },
  {
    "id_BNE": "bimo0001118392",
    "autor_personas": "Lozano Ponce de León, Pablo  // ",
    "título": "Tratado popular de la tisis cómo se cura la tisis con la higiene ",
    "informacion_asociada_titulo": "por Pablo Lozano Ponce de León ",
    "editorial": "[s.n.]  Tip. de Hijo de Gaisse Joven  ",
    "lugar_publicacion": "[S.l.] , Madrid",
    "fecha_publicacion": "1897",
    "descripcion_fisica": "XII, 244 p. , 18 cm , ",
    "serie": "Medicina. Farmacia // ",
    "tema": "Tuberculosis --  // ",
    "cdu": "61  // ",
    "pais_publicacion": "sp",
    "lengua_publicacion": "spa",
    "tipo_documento": " Libro",
    "signatura": "2/52845 // ",
    "version_digital": "http://bdh-rd.bne.es/viewer.vm?id=0000118025&page=1 ** ",
    "texto_OCR": "http://bdh-rd.bne.es/text.vm?id=0000118025&first=1&last=263 ** "
  },
  {
    "id_BNE": "bimo0001146826",
    "autor_personas": "Mariscal y García, Nicasio , 1859-1949  // ",
    "autor_entidades": "Congreso Internacional de Medicina Legal 3º , 1889 París  // ",
    "título": "El III Congreso Internacional de Medicina Legal celebrado en París en agosto de 1889) : memoria presentada al Excmo. Sr. Ministro de Gracia y Justicia ",
    "informacion_asociada_titulo": "por el Doctor Nicasio Mariscal y García ",
    "editorial": "[s.n.]  Imp. de Gregorio Juste  ",
    "lugar_publicacion": "[S.l.] , Madrid",
    "fecha_publicacion": "1897",
    "descripcion_fisica": "228 p. , 23 cm , ",
    "serie": "Medicina. Farmacia // ",
    "tema": "Medicina legal --  // ",
    "cdu": "61  // ",
    "pais_publicacion": "sp",
    "lengua_publicacion": "spa",
    "tipo_documento": " Libro",
    "condiciones_uso": "Acceso y/o uso restringido. La presente obra presenta restricciones en cuanto a su reproducción, distribución, comunicación pública o transformación; no obstante y en virtud del artículo 37 del Texto refundido de la Ley de Propiedad Intelectual (TRLPI), la Biblioteca Nacional de España está autorizada a la reproducción y a la comunicación de obras, mediante red cerrada e interna, a efectos de investigación (artículo 37, RDL 1/1996, de 12 de abril, revisada el 5 noviembre de 2015); sin perjuicio de las copias que puedan obtenerse en la BNE para uso privado, para ejercer cualquier otro de los derechos de explotación previstos en la TRLPI, el usuario deberá contactar con el correspondiente titular o la entidad de gestión encargada de representar al titular.//",
    "version_digital": "http://bdh-rd.bne.es/viewer.vm?id=0000118029&page=1 ** ",
    "texto_OCR": "http://bdh-rd.bne.es/text.vm?id=0000118029&first=1&last=247 ** "
  },
  {
    "id_BNE": "bimo0001540322",
    "autor_personas": "Valdivieso y Prieto, Dio Amando , n. 1853  // ",
    "título": "La lactancia por medio de nodrizas ¿es conforme a la moral, al derecho y a la higiene? ",
    "editorial": "[s.n.]  Imp. de Fortanet  ",
    "lugar_publicacion": "[S.l.] , Madrid",
    "fecha_publicacion": "1898",
    "descripcion_fisica": "16 p. , 18 cm , ",
    "serie": "Medicina. Farmacia // ",
    "descripcion_notas": "Autor (p. [16]): Dío Amando Valdivieso y Prieto  // Precede al tít.: IX Congreso Internacional de Higiene y Demografía  // ",
    "tema": "Lactancia materna --  // Amas de cría --  // ",
    "cdu": "61  // ",
    "pais_publicacion": "sp",
    "lengua_publicacion": "spa",
    "tipo_documento": " Libro",
    "signatura": "VC25/28 // ",
    "version_digital": "http://bdh-rd.bne.es/viewer.vm?id=0000107310&page=1 ** ",
    "texto_OCR": "http://bdh-rd.bne.es/text.vm?id=0000107310&first=1&last=20 ** "
  },
  {
    "id_BNE": "bimo0001323427",
    "autor_personas": "Pons y Guimerá, Miguel  // ",
    "título": "La España medicinal o sea, Relación de las virtudes curativas de las aguas mínero-medicinales más acreditadas de la península española ",
    "informacion_asociada_titulo": "dedicada a los habitantes de la isla de Cuba por el Dr. Guimerá, (Don Miguel Pons y Guimerá) ",
    "editorial": "[s.n.]  Estab. Tip. \"La Cubana\"  ",
    "lugar_publicacion": "[S.l.] , Habana",
    "fecha_publicacion": "1855",
    "descripcion_fisica": "85 p. , 16 cm , ",
    "serie": "Medicina. Farmacia // ",
    "tema": "Aguas minerales -- España --  // ",
    "cdu": "61  // ",
    "pais_publicacion": "cu",
    "lengua_publicacion": "spa",
    "tipo_documento": " Libro",
    "condiciones_uso": "//",
    "signatura": "2/31133 // ",
    "version_digital": "http://bdh-rd.bne.es/viewer.vm?id=0000107035&page=1 ** ",
    "texto_OCR": "http://bdh-rd.bne.es/text.vm?id=0000107035&first=1&last=107 ** "
  },
  {
    "id_BNE": "bimo0001729900",
    "autor_personas": "Calatraveño y Valladares, Fernando , 1851-1916  // ",
    "título": "Hechos médicos relacionados con el descubrimiento de América ",
    "informacion_asociada_titulo": "Doctor Calatraveño ",
    "editorial": "[s.n.]  Estab. Tip. de Ricardo Fé  ",
    "lugar_publicacion": "[S.l.] , Madrid",
    "fecha_publicacion": "1892",
    "descripcion_fisica": "94 p. , 24 cm , ",
    "serie": "Medicina // ",
    "descripcion_notas": "Separata de: Revista de España  // ",
    "tema": "Medicina -- América española -- Historia --  // América -- Descubrimientos y exploraciones -- Españoles --  // ",
    "cdu": "61(8=134.2)\"14\"  //  910.4(7/8)\"14\"  // ",
    "pais_publicacion": "sp",
    "lengua_publicacion": "spa",
    "tipo_documento": " Libro",
    "condiciones_uso": "//",
    "signatura": "HA/13862 // ",
    "version_digital": "http://bdh-rd.bne.es/viewer.vm?id=0000091137&page=1 ** ",
    "texto_OCR": "http://bdh-rd.bne.es/text.vm?id=0000091137&first=1&last=96 ** "
  }
]